候选ID,表达式,精确哈希,策略家族,生成时间,提交时间,alpha_id,sharpe,status,submitted,description_length,error
candidate_931477bd4a98e2074cb6,"rank(ts_mean(ts_delta(low,1),20))",d411e7e28fffcc6950293b1533c8cf01ba1b0cbdb923f6209f4d4c1f24eda41b,fundamental,2026-08-01T06:41:29.409101+00:00,2026-08-01T06:42:12.110853+00:00,dry_run_id,0.0,DRY_RUN,False,0,
candidate_092e956b0ebe68211f77,"rank(ts_delta(ts_delta(high,10),20))",54bf56c0709cfca2e73e3ae856fa563e5e96ea82509c5677a6d102a7410803d1,fundamental,2026-08-01T06:41:29.409101+00:00,2026-08-01T06:42:12.110853+00:00,dry_run_id,0.0,DRY_RUN,False,0,
candidate_29b43a1187371b14cb59,"rank(ts_ir(high,10))",00bd8c6791c5c6d7cd1604b77b1e5197319cef624f5b9c36fe9e3c600bdf6c5d,fundamental,2026-08-01T06:41:29.409101+00:00,2026-08-01T06:42:12.110853+00:00,dry_run_id,0.0,DRY_RUN,False,0,
candidate_7b8d30e55125e1740bfd,"-rank(ts_delta(low,20))",5d01354724175fed599e6a0d861c2405686c5c35da56c569f9f55bdd1aab0273,fundamental,2026-08-01T06:41:29.409101+00:00,2026-08-01T06:42:17.112107+00:00,dry_run_id,0.0,DRY_RUN,False,0,
candidate_b20a34cd0e7a22b4b0bb,"rank(open/ts_mean(open,10))",753b2a248b21e5b6deea7326be2d233f5b62a9ad1436851b5d3341d017313dac,fundamental,2026-08-01T06:41:29.409101+00:00,2026-08-01T06:42:17.112107+00:00,dry_run_id,0.0,DRY_RUN,False,0,
candidate_49c2adaf5345d6e60f68,"rank(ts_rank(anl14_mean_revenue_fy5,63))",ee0d403b884d7b0fee0e60523a6acaebd4ba4cce35e3159cdf4475fc798775d7,fundamental,2026-08-01T06:41:39.128461+00:00,2026-08-01T06:42:17.112107+00:00,dry_run_id,0.0,DRY_RUN,False,0,
candidate_7d06a8a7aa324894fd75,"rank(ts_decay_linear(ts_delta(anl10_roeff_2323,126),63))",6953aacfb3fa31ef6863ce58e96f1ef92a67d7e4e47f48c0d48c1742407827fd,fundamental,2026-08-01T06:41:39.128461+00:00,2026-08-01T06:42:22.114636+00:00,dry_run_id,0.0,DRY_RUN,False,0,
candidate_65f38d891312aaa6f0d8,"rank(ts_ir(anl14_mean_revenue_fy5,63))",086c20c3ac76e91fa668a84286b4616d2cc5fdb0abeaeb654b667db6ec098869,fundamental,2026-08-01T06:41:39.128461+00:00,2026-08-01T06:42:22.115635+00:00,dry_run_id,0.0,DRY_RUN,False,0,
candidate_f6411a47544cff526af2,"rank(ts_mean(ts_delta(anl15_ind_hist_eps_gro,1),126))",ef3c73f9ae2ffe5c2014074d2f17ee66de4b21e3a89251a9e8eb60eec7c95571,fundamental,2026-08-01T06:41:39.128461+00:00,2026-08-01T06:42:22.115635+00:00,dry_run_id,0.0,DRY_RUN,False,0,
candidate_54d59f4a5e5f7aebf97b,"rank(anl10_roeff_2323/ts_mean(anl10_roeff_2323,63))",d2b591fa2f1a47b43b08e83a965d9ddfa6dca90284b35d039199e2094e418463,fundamental,2026-08-01T06:41:39.128461+00:00,2026-08-01T06:42:59.916696+00:00,dry_run_id,0.0,DRY_RUN,False,0,
candidate_b954849c39fec6a0ae27,"rank(ts_mean(ts_delta(dividend,1),252))",69ea5562f0de279f297e3c519108766beebad4d5e7020a708b2a23aea1ae7393,fundamental,2026-08-01T06:58:16.628453+00:00,2026-08-01T06:58:18.509446+00:00,dry_run_id,0.0,DRY_RUN,False,0,
candidate_0b32b3f503a20455be82,"rank(ts_decay_linear(ts_delta(anl10_epsinnovation_score_fy1,252),126))",e3fc7d8c3f3bdd8b9601cacf89a6b9277eb0d7f5dce31f202dd841c8a38a0560,fundamental,2026-08-01T06:58:16.628453+00:00,2026-08-01T06:58:18.509446+00:00,dry_run_id,0.0,DRY_RUN,False,0,
candidate_499f0778c644b8e77564,"-rank(ts_delta(dividend,252))",3a63b0b6e0d83f2eab1d92f9d5b413881e9d908aec6c0df6026c518567bdbed6,fundamental,2026-08-01T06:58:16.628453+00:00,2026-08-01T06:58:18.509446+00:00,dry_run_id,0.0,DRY_RUN,False,0,
candidate_25f488c27667369d99cf,"rank(ts_rank(anl14_stddev_ebitda_fy1,126))",b07d20abaf7bf769c3e04399fd4ab0ce9bc26271bf7ff58d36f3bdf2efd66395,fundamental,2026-08-01T06:58:16.628453+00:00,2026-08-01T06:58:20.510601+00:00,dry_run_id,0.0,DRY_RUN,False,0,
candidate_d36292f4a6718c8b8e97,"rank(anl10_epsinnovation_score_fy1/ts_mean(anl10_epsinnovation_score_fy1,126))",ece868a0ab34b3cc9d496ec5a4016c5e96ed5bc1551cadcd8e8d58bf526a490e,fundamental,2026-08-01T06:58:16.628453+00:00,2026-08-01T06:58:20.510601+00:00,dry_run_id,0.0,DRY_RUN,False,0,
candidate_4f523269fb2815c6d479,"rank(ts_delta(ts_delta(anl14_stddev_ebitda_fy1,126),252))",5e315637c79396cc1c3c3a75780a27d71a50f89ae69b5d8c93563739e25c517d,fundamental,2026-08-01T06:58:16.628453+00:00,2026-08-01T06:58:20.510601+00:00,dry_run_id,0.0,DRY_RUN,False,0,
candidate_49d49da56f7351a37b2a,"rank(ts_ir(anl14_stddev_ebitda_fy1,126))",b3afbacdbd3aa3c9cee8222e63f1eb07939e3d30717f60db9452cc19c668a117,fundamental,2026-08-01T06:58:16.628453+00:00,2026-08-01T06:58:22.511660+00:00,dry_run_id,0.0,DRY_RUN,False,0,
candidate_42b7c5f8edf8ac24bfc6,"rank(ts_zscore(dividend,63))",e8087d0ced2f9ecffbec081a57e0906ec481d92d5e112c9c977f64c7273e6f66,fundamental,2026-08-01T06:58:16.628453+00:00,2026-08-01T06:58:22.511660+00:00,dry_run_id,0.0,DRY_RUN,False,0,
candidate_cb41b73866dcc5444159,"rank(ts_zscore(close,10)-ts_zscore(anl14_actvalue_ebitda_fy0,10))",ba4e36c1683b068a29be466147ed920d9ff7da172c0e2e6a51c69b4a172b1106,momentum,2026-08-01T06:58:16.628453+00:00,2026-08-01T06:58:22.512663+00:00,dry_run_id,0.0,DRY_RUN,False,0,
candidate_07d27e50b4925231f546,"rank(ts_rank(anl14_actvalue_ebitda_fy0,5)-ts_rank(anl14_actvalue_ebitda_fy0,20))",4ea1a8264e8119b401583e632ff346309681bd5acc0ded06cda3980ffa1eb4cb,momentum,2026-08-01T06:58:16.628453+00:00,2026-08-01T06:58:24.513148+00:00,dry_run_id,0.0,DRY_RUN,False,0,
candidate_0e5031682b09ddafe569,"-rank(ts_std_dev(sharesout,10))",166f8ed1ba664dde5d1f071a12cc276b26eaba16bad7a34a9f61acebfb4ee2af,momentum,2026-08-01T06:58:16.628453+00:00,2026-08-01T06:58:24.514148+00:00,dry_run_id,0.0,DRY_RUN,False,0,
candidate_b27a92a0dc984f08ff30,"rank(ts_max(anl14_stddev_ebitda_fp1,63)-ts_min(anl14_stddev_ebitda_fp1,63))",ff8b65514e75dc57c0f9eb2d8c9c709d37b50afbbf94d7437c46e37e532f23d9,volatility,2026-08-01T06:58:16.628453+00:00,2026-08-01T06:58:24.514148+00:00,dry_run_id,0.0,DRY_RUN,False,0,
candidate_736d127fb54d9e907738,"rank(ts_std_dev(anl14_mean_ndebt_fp3,63)/ts_std_dev(anl14_mean_ndebt_fp3,126))",4b2ff27a6c7665a50af6148d67f7f12ef659e884ddd5b19c718cd5e725fb09bd,volatility,2026-08-01T06:58:16.628453+00:00,2026-08-01T06:58:26.515056+00:00,dry_run_id,0.0,DRY_RUN,False,0,
candidate_f20d9c7647e94ca1ee34,"rank(ts_mean(anl14_stddev_ndebt_fp3,63)/ts_std_dev(anl14_stddev_ndebt_fp3,21))",37ecb339da94e65f724796142d7baabce3ef06330afbc062d24c2d27fbbd77d1,volatility,2026-08-01T06:58:16.628453+00:00,2026-08-01T06:58:26.515056+00:00,dry_run_id,0.0,DRY_RUN,False,0,
candidate_d9cf0ca3eaeaafb25a4d,"rank(anl14_mean_ebit_fy5/ts_mean(anl14_mean_ebit_fy5,63))",fbcde46c9538593f17306f3125962d67aa9fd73c8680d970bc74dab33c3e9a81,fundamental,2026-08-01T06:58:32.127614+00:00,2026-08-01T06:58:32.519593+00:00,dry_run_id,0.0,DRY_RUN,False,0,
candidate_57a915bcc483ab46a38a,"rank(ts_zscore(anl14_mean_capex_fy5,21))",b90e47d91fe3b3e900c18736211c6ef1179af748f63d582d71598561557d2f74,fundamental,2026-08-01T06:58:32.127614+00:00,2026-08-01T06:58:32.519593+00:00,dry_run_id,0.0,DRY_RUN,False,0,
candidate_cd5885d095a4f80c09d2,"rank(ts_decay_linear(ts_delta(anl14_mean_capex_fy5,126),63))",1d1b0f72ed6bdaaa1da08a0fb59d61145816b4878e714b85006de2812c606043,fundamental,2026-08-01T06:58:32.127614+00:00,2026-08-01T06:58:32.519593+00:00,dry_run_id,0.0,DRY_RUN,False,0,
candidate_f0cdbc18d1eee9f6ba43,"rank(ts_delta(ts_delta(anl14_stddev_capex_fy5,63),126))",2bb68f2ee26642df7ce04b20b1402b6890e01a41c59153b9a1fc0c98b56773d9,fundamental,2026-08-01T06:58:32.127614+00:00,2026-08-01T06:58:34.520895+00:00,dry_run_id,0.0,DRY_RUN,False,0,
candidate_e9d43ba6ac44fd939bba,"rank(ts_ir(anl14_mean_ebit_fy5,63))",8b80bd72efca9456ca01ad04d627b4a0db6125e7ffa6589d594f429fd1578f93,fundamental,2026-08-01T06:58:32.127614+00:00,2026-08-01T06:58:34.520895+00:00,dry_run_id,0.0,DRY_RUN,False,0,
candidate_5669098d8557f216d94b,"rank(ts_mean(ts_delta(anl14_stddev_capex_fy5,1),126))",8cb37fa15181c9489eed03dee84afc03f12f5f52845f247d2d9d89f157ba40eb,fundamental,2026-08-01T06:58:32.127614+00:00,2026-08-01T06:58:34.521897+00:00,dry_run_id,0.0,DRY_RUN,False,0,
candidate_3b9a682fe5e334238e23,"-rank(ts_delta(anl14_mean_revenue_fy5,126))",757baf93bf2193c1c9cc76f2c8c78c601986c23915598d97b4b48772678d497f,fundamental,2026-08-01T06:58:32.127614+00:00,2026-08-01T06:58:36.522964+00:00,dry_run_id,0.0,DRY_RUN,False,0,
candidate_f9b646eb365ff7a77212,"rank(ts_zscore(returns,10)-ts_zscore(open,10))",da998b51e7eab75ebde4ae53771fd96829137546c55f444b4bc60072d88c30e2,momentum,2026-08-01T06:58:32.127614+00:00,2026-08-01T06:58:36.522964+00:00,dry_run_id,0.0,DRY_RUN,False,0,
candidate_1359a2371b8589ee6c19,"rank(ts_rank(open,5)-ts_rank(open,20))",e0b2a1a4865ceb5319668fa751e929eaf39de1fc395268162a478c256210916f,momentum,2026-08-01T06:58:32.127614+00:00,2026-08-01T06:58:36.523964+00:00,dry_run_id,0.0,DRY_RUN,False,0,
candidate_ff11e1342b49c564cdaf,"-rank(ts_std_dev(close,10))",c63b680d3c17b8ad4fe50e58068f8b279390545505202f4d04f2bd03610217ec,momentum,2026-08-01T06:58:32.127614+00:00,2026-08-01T06:58:38.525288+00:00,dry_run_id,0.0,DRY_RUN,False,0,
candidate_220346ad39614f2c0ad1,"rank(ts_std_dev(anl14_high_ebitda_fy1,63)/ts_std_dev(anl14_high_ebitda_fy1,126))",961b28e30094ccea4442a43ea03e9642a3e99d8dc1529344f6ad4dc7bffa9c35,volatility,2026-08-01T06:58:32.127614+00:00,2026-08-01T06:58:38.525288+00:00,dry_run_id,0.0,DRY_RUN,False,0,
candidate_88415e32068315d29f58,"rank(ts_max(anl14_mean_revenue_fy5,63)-ts_min(anl14_mean_revenue_fy5,63))",1bdb7a40301d7302861fd21f2e2476c5e044549684d55b8e47962fdd515783d7,volatility,2026-08-01T06:58:32.127614+00:00,2026-08-01T06:58:38.526288+00:00,dry_run_id,0.0,DRY_RUN,False,0,
candidate_75a815e9d3ec3ee81219,"rank(ts_mean(anl14_mean_ebitda_fy1,63)/ts_std_dev(anl14_mean_ebitda_fy1,21))",598729d23b09201aec9890cb9c901a27ddcdfa53f0657847e9ed3a3f826ce2e2,volatility,2026-08-01T06:58:32.127614+00:00,2026-08-01T06:58:40.527333+00:00,dry_run_id,0.0,DRY_RUN,False,0,
candidate_4c83f2a77e77e9444e8c,"rank(ts_zscore(anl15_salgics_ind_cal_fy1_1m_chg,21))",de027bb101d640b28cf6788322caf099d3cfac26e91e7c3a6dfe805a4b1ce8b1,fundamental,2026-08-01T06:58:45.574596+00:00,2026-08-01T06:58:46.531264+00:00,dry_run_id,0.0,DRY_RUN,False,0,
candidate_4ee640d86f4ff7db4d7a,"rank(ts_mean(ts_delta(anl15_salgics_ind_cal_fy1_1m_chg,1),126))",72582e256785625db807684a7f7f6951d5a93b063f7aab4cea0780f6b46243af,fundamental,2026-08-01T06:58:45.574596+00:00,2026-08-01T06:58:46.531264+00:00,dry_run_id,0.0,DRY_RUN,False,0,
candidate_018981af3748b1f6c393,"rank(ts_rank(anl15_salgics_ind_18_m_cos,63))",72bcb3a0e628a837db4ebb2ff3085ab1387723ccf05580f5d4109efeb0a22d3f,fundamental,2026-08-01T06:58:45.574596+00:00,2026-08-01T06:58:46.532264+00:00,dry_run_id,0.0,DRY_RUN,False,0,
candidate_54a007dfedb249fbac22,"rank(ts_ir(anl15_salgics_ind_18_m_cos,63))",83c27baf688dc60dba61c9df5f6b7065a9f24a5b090bb2a7ba009decafd5b145,fundamental,2026-08-01T06:58:45.574596+00:00,2026-08-01T06:58:48.533249+00:00,dry_run_id,0.0,DRY_RUN,False,0,
candidate_e65e8fae6d43aa8e0276,"rank(anl15_salgics_gr_cal_fy1_total/ts_mean(anl15_salgics_gr_cal_fy1_total,63))",11be2c9c822e8eaff207a339ac0a2d4f9280a19291f1708b3a74c7f7f14a576c,fundamental,2026-08-01T06:58:45.574596+00:00,2026-08-01T06:58:48.534249+00:00,dry_run_id,0.0,DRY_RUN,False,0,
candidate_1842be547ad7758e17a1,"-rank(ts_delta(anl15_salgics_ind_cal_fy1_1m_chg,126))",58008da46b0f28e22e05733561d313fec25f524f91467527429b65cda28ca3a8,fundamental,2026-08-01T06:58:45.574596+00:00,2026-08-01T06:58:48.534249+00:00,dry_run_id,0.0,DRY_RUN,False,0,
candidate_801b7b59759eb754cea4,"rank(ts_delta(ts_delta(anl15_salgics_ind_18_m_cos,63),126))",e2553e01687e959c06034b7ad6a7568b33a154be623b43d5ef7510badd3e508b,fundamental,2026-08-01T06:58:45.574596+00:00,2026-08-01T06:58:50.535033+00:00,dry_run_id,0.0,DRY_RUN,False,0,
candidate_6e90b3d94fb608c93bea,"rank(ts_decay_linear(ts_delta(anl15_salgics_gr_cal_fy1_total,126),63))",c17410edbc169407fc874ed6b28bd6e4446c58d8c34420ac8b2c867777f87c2c,fundamental,2026-08-01T06:58:45.574596+00:00,2026-08-01T06:58:50.535033+00:00,dry_run_id,0.0,DRY_RUN,False,0,
candidate_3c999a79b68ecb7f5caf,"rank(ts_zscore(anl14_low_ebitda_fp1,63)-ts_zscore(anl14_median_ebitda_fp2,63))",59df4f24db6a45ef74a529489f87cac1a3075926eaf078145eb3a3990d4b4fcd,momentum,2026-08-01T06:58:45.574596+00:00,2026-08-01T06:58:50.536033+00:00,dry_run_id,0.0,DRY_RUN,False,0,
candidate_e64c137cb2c0611bb794,"rank(ts_rank(anl14_median_ebitda_fp2,21)-ts_rank(anl14_median_ebitda_fp2,126))",7b77ed219a616e826634a8e75c29f4e4f9cd444e3a6b5cd52a8688acc6543b7a,momentum,2026-08-01T06:58:45.574596+00:00,2026-08-01T06:58:52.537574+00:00,dry_run_id,0.0,DRY_RUN,False,0,
candidate_ef974a4c1044b199ddb7,"-rank(ts_std_dev(anl14_stddev_ebitda_fp1,63))",884e0f05ba8e4774ccec2cc3b24d1f3e267b71fb7506208441d359fc96478f9f,momentum,2026-08-01T06:58:45.574596+00:00,2026-08-01T06:58:52.538575+00:00,dry_run_id,0.0,DRY_RUN,False,0,
candidate_337437d905155cda5e6b,"rank(ts_max(anl14_stddev_ebitda_fy4,63)-ts_min(anl14_stddev_ebitda_fy4,63))",6b3bd017af7886429c871ad69f8dd8c04fb44afb891246fca4ce67c3da926d2d,volatility,2026-08-01T06:58:45.574596+00:00,2026-08-01T06:58:52.538575+00:00,dry_run_id,0.0,DRY_RUN,False,0,
candidate_de595ce8aae07fb6353f,"rank(ts_mean(anl14_stddev_ebitda_fy2,63)/ts_std_dev(anl14_stddev_ebitda_fy2,21))",1bd51e2c1506500d1f36614fba21e03a81de90fe3ce23ac06ada82011e7d99f3,volatility,2026-08-01T06:58:45.574596+00:00,2026-08-01T06:58:54.540086+00:00,dry_run_id,0.0,DRY_RUN,False,0,
candidate_752689e10b1789a3ab1d,"rank(ts_std_dev(anl14_stddev_ebitda_fy3,63)/ts_std_dev(anl14_stddev_ebitda_fy3,126))",96184086aca192dc0974fbe5db7b851eb14a03ad048796130120cc1c67141a05,volatility,2026-08-01T06:58:45.574596+00:00,2026-08-01T06:58:54.540086+00:00,dry_run_id,0.0,DRY_RUN,False,0,
candidate_0d073f3b45186ceb4e16,"rank(ts_rank(anl14_low_ebitda_fp1,63))",911c4a8262aa55fdb7cfb5aed16c791b126b3a6d8b9f9601a8aec1d7b80fd081,fundamental,2026-08-01T06:58:59.039259+00:00,2026-08-01T06:59:00.544091+00:00,dry_run_id,0.0,DRY_RUN,False,0,
candidate_2ea2bd658dbe10a35ebd,"rank(ts_delta(ts_delta(anl14_mean_ebitda_fp1,63),126))",9d6fff4c5b3a87afd724c4f07095ab1a97b5a07bce261b85e49aaceb72f32f34,fundamental,2026-08-01T06:58:59.039259+00:00,2026-08-01T06:59:00.545092+00:00,dry_run_id,0.0,DRY_RUN,False,0,
candidate_1f0a7db349a205ea1103,"rank(ts_ir(anl14_high_ebitda_fp1,63))",c1305c58727aeb77dd1d52810b611f1a563addc3221a6a899ea18ca68276ca95,fundamental,2026-08-01T06:58:59.039259+00:00,2026-08-01T06:59:00.545092+00:00,dry_run_id,0.0,DRY_RUN,False,0,
candidate_dda05020d37dd1e8a4a9,"rank(ts_zscore(anl14_mean_ebitda_fp2,21))",d2955229b3b4076a5b92994913eb3e50962572412677cb5b087e257910b69157,fundamental,2026-08-01T06:58:59.039259+00:00,2026-08-01T06:59:02.546391+00:00,dry_run_id,0.0,DRY_RUN,False,0,
candidate_25ccf26ddf2a8973bf8c,"rank(ts_decay_linear(ts_delta(anl14_mean_ebitda_fp2,126),63))",eb7ee8def3dea041e8cf8b96ea8988431d6e3332fab7161904c3ad32c2259cd5,fundamental,2026-08-01T06:58:59.039259+00:00,2026-08-01T06:59:02.547392+00:00,dry_run_id,0.0,DRY_RUN,False,0,
candidate_730483b01c489b4446bf,"-rank(ts_delta(anl14_low_ebitda_fp1,126))",4273f01023345c6ba1ce8f9d28d8afc2acb16c8bd9ce9a3f11fff5077bc5ff2c,fundamental,2026-08-01T06:58:59.039259+00:00,2026-08-01T06:59:02.547392+00:00,dry_run_id,0.0,DRY_RUN,False,0,
candidate_dd6d69f09527d1d8c0a4,"rank(ts_mean(ts_delta(anl14_mean_ebitda_fp1,1),126))",93eb50f65bfa44f0e28b924be1bc130cafec57f496d729c54ee9b053b4c484e8,fundamental,2026-08-01T06:58:59.039259+00:00,2026-08-01T06:59:04.549114+00:00,dry_run_id,0.0,DRY_RUN,False,0,
candidate_0fe0c49853c04ccc55e8,"rank(anl14_high_ebitda_fp1/ts_mean(anl14_high_ebitda_fp1,63))",0fb94d6238eb28ee1285f6ed965923be7008c1997537f7632f6a40de071800c8,fundamental,2026-08-01T06:58:59.039259+00:00,2026-08-01T06:59:04.549969+00:00,dry_run_id,0.0,DRY_RUN,False,0,
candidate_4e5d12d451ad4e5293b5,"rank(ts_zscore(anl11_region_industrycount,10)-ts_zscore(anl15_gr_hist_eps_gro,10))",11654a6cb972ec408ad3cd0bef22ad2d28b7a6500e614e95e585cfeaf55af912,momentum,2026-08-01T06:59:12.346127+00:00,2026-08-01T06:59:12.553635+00:00,dry_run_id,0.0,DRY_RUN,False,0,
candidate_9e5e18f38267131fe3a5,"rank(ts_rank(anl15_gr_hist_eps_gro,5)-ts_rank(anl15_gr_hist_eps_gro,20))",af7e55578597ef0b9b509a4472d77e339c9061dbfc21226f9b63178874b330cd,momentum,2026-08-01T06:59:12.346127+00:00,2026-08-01T06:59:12.554636+00:00,dry_run_id,0.0,DRY_RUN,False,0,
candidate_3f5474759292d10dc4b7,"rank(ts_mean(dividend,63)/ts_std_dev(dividend,21))",9e31170e911a59a1d5f4afa5c4aef20d5d7e2d6676feebe037468b6486e1419a,volatility,2026-08-01T06:59:12.346127+00:00,2026-08-01T06:59:12.554636+00:00,dry_run_id,0.0,DRY_RUN,False,0,
candidate_ebbb0d68587c70cdf260,"rank(ts_std_dev(anl10_smartest_roa_ff,63)/ts_std_dev(anl10_smartest_roa_ff,126))",564a347aee047a46a56607c8dfe57ea07ff49d78a7419ce927383619acf51138,volatility,2026-08-01T06:59:12.346127+00:00,2026-08-01T06:59:14.555595+00:00,dry_run_id,0.0,DRY_RUN,False,0,
candidate_7310dc6c331905f781ce,"rank(ts_ir(anl10_netrevise_ratio_to_consensus_fy1_2537,63))",8a92ec75117ef275c3f5a1c11cbf9f6c970f6bd459974acad09ecf30eddb3e54,fundamental,2026-08-01T06:59:25.678435+00:00,2026-08-01T06:59:26.563952+00:00,dry_run_id,0.0,DRY_RUN,False,0,
candidate_b0795812c0e292731a4b,"rank(ts_zscore(anl10_netrevise_ratio_to_consensus_fy2_2522,21))",66d45762c93638fb28d37c9e8e03ef16851f4d3ac02bdd3c24eb213b118b2d3d,fundamental,2026-08-01T06:59:25.678435+00:00,2026-08-01T06:59:26.564953+00:00,dry_run_id,0.0,DRY_RUN,False,0,
candidate_2b2da1c4ccecd867f146,"rank(ts_decay_linear(ts_delta(anl15_dpsgics_gr_fy1_ests_up,126),63))",d63be41bc5430f4b92a3a39e754139d1a8905c3dc814e6728af1ac236a6cb752,fundamental,2026-08-01T06:59:25.678435+00:00,2026-08-01T06:59:26.564953+00:00,dry_run_id,0.0,DRY_RUN,False,0,
candidate_4380ae3a0765717a04f0,"rank(ts_delta(ts_delta(anl10_netrevise_ratio_to_consensus_fy1_2537,63),126))",65e3b92b856c88e1eaa3d1793befc9b3351baccacfc7152e57688365ef5d4003,fundamental,2026-08-01T06:59:25.678435+00:00,2026-08-01T06:59:28.565903+00:00,dry_run_id,0.0,DRY_RUN,False,0,
candidate_ebfc0e2e197401a050e3,"rank(ts_rank(anl10_netrevise_ratio_to_consensus_fy1_2537,63))",63bd1933c56d765184fd8ab4dd8dd1dad566e5b55116c94018faa00f0b0627c0,fundamental,2026-08-01T06:59:25.678435+00:00,2026-08-01T06:59:28.566903+00:00,dry_run_id,0.0,DRY_RUN,False,0,
candidate_8c7e7cc82ac411d9afe0,"rank(anl15_dpsgics_gr_fy1_ests_up/ts_mean(anl15_dpsgics_gr_fy1_ests_up,63))",97c90f81706be58db891a93bd8db6c3a78bd264f12aef0036ce3ee64ec8ac20c,fundamental,2026-08-01T06:59:25.678435+00:00,2026-08-01T06:59:28.566903+00:00,dry_run_id,0.0,DRY_RUN,False,0,
candidate_c635833a4280aba00c7f,"-rank(ts_delta(anl10_netrevise_ratio_to_consensus_fy2_2522,126))",f5f79e0ac748e2914ddf67ef1fe91676869cdab285c2fb9a1733899079071b69,fundamental,2026-08-01T06:59:25.678435+00:00,2026-08-01T06:59:30.569111+00:00,dry_run_id,0.0,DRY_RUN,False,0,
candidate_3d1c7f1f416bd66c4291,"rank(ts_mean(ts_delta(anl10_netrevise_ratio_to_consensus_fy2_2522,1),126))",b66d122d123b1506986a0a22a94a34b788253559652d2612b36d4037a82e65bc,fundamental,2026-08-01T06:59:25.678435+00:00,2026-08-01T06:59:30.569618+00:00,dry_run_id,0.0,DRY_RUN,False,0,
candidate_32ce1d97b8bf52768db2,"rank(ts_rank(anl14_mean_capex_fy4,63)-ts_rank(anl14_mean_capex_fy4,252))",3eb1649bf2a12afc85634da9eb528f698ddcb33f4e9011f9ec49ab8cd917f3fd,momentum,2026-08-01T06:59:25.678435+00:00,2026-08-01T06:59:30.569618+00:00,dry_run_id,0.0,DRY_RUN,False,0,
candidate_3a66c9ae4eccb322347a,"rank(ts_zscore(anl14_mean_ebitda_fy5,126)-ts_zscore(anl14_mean_capex_fy4,126))",8d8abf62fb95d5e24aab99e029c271c1d832139ea8c7d3a7f66b5f18606b5b73,momentum,2026-08-01T06:59:25.678435+00:00,2026-08-01T06:59:32.570403+00:00,dry_run_id,0.0,DRY_RUN,False,0,
candidate_b49ff76664a194f6d649,"-rank(ts_std_dev(anl14_mean_revenue_fy5,126))",e885bb14458469250894f391871344b1b40c984e520d7542d6d268d5ad9256e4,momentum,2026-08-01T06:59:25.678435+00:00,2026-08-01T06:59:32.571404+00:00,dry_run_id,0.0,DRY_RUN,False,0,
candidate_6a934fbb3293105493a2,"rank(ts_max(close,126)-ts_min(close,126))",03ee84ad6f6bb428221a4fe76fa4263ee5501a247ef7baa5cace45b8ff2de04f,volatility,2026-08-01T06:59:25.678435+00:00,2026-08-01T06:59:32.571404+00:00,dry_run_id,0.0,DRY_RUN,False,0,
candidate_77e4abf9b0562a86ad9d,"rank(ts_mean(anl14_stddev_ebitda_fp1,126)/ts_std_dev(anl14_stddev_ebitda_fp1,63))",a062dab72bbedf991bc43f5b2a7ea47c59a316b0c905e34c219ae6d59773f73b,volatility,2026-08-01T06:59:25.678435+00:00,2026-08-01T06:59:34.573230+00:00,dry_run_id,0.0,DRY_RUN,False,0,
candidate_d92e89d8af2bcca6e895,"rank(ts_std_dev(returns,126)/ts_std_dev(returns,252))",16256e68d230fd386f4edb3226dc8448e7739a6d23cc7571f63fc5e73167a4a1,volatility,2026-08-01T06:59:25.678435+00:00,2026-08-01T06:59:34.573230+00:00,dry_run_id,0.0,DRY_RUN,False,0,
candidate_f232395616eb74f1020b,"rank(ts_rank(returns,5)-ts_rank(returns,20))",2d042e62c0d583108186d5c7f7016ad70eca8efb0711292e21d6a93e8a02760d,momentum,2026-08-01T06:59:39.016570+00:00,2026-08-01T06:59:40.577552+00:00,dry_run_id,0.0,DRY_RUN,False,0,
candidate_b3c8ec1136107ca1b97c,"rank(ts_zscore(close,10)-ts_zscore(returns,10))",a75ca925c613524d2ca40f4290cfee6a487e51b1db511803917d8cfafacae7f1,momentum,2026-08-01T06:59:39.016570+00:00,2026-08-01T06:59:40.578553+00:00,dry_run_id,0.0,DRY_RUN,False,0,
candidate_fa5bf8d57e2efa526e98,"-rank(ts_std_dev(open,10))",f742d0a286bf776f86dcdb2049dcf6d35afcf00dce40a636501077a108e64d1d,momentum,2026-08-01T06:59:39.016570+00:00,2026-08-01T06:59:40.578553+00:00,dry_run_id,0.0,DRY_RUN,False,0,
candidate_d4d215dd2d70752cce5d,"rank(ts_mean(ts_delta(anl14_stddev_ebitda_fy2,1),126))",4c9f8c1ed9280879f5ed50cfa541c12e6640ebf29717d5627fcaaaa3ac94ddde,fundamental,2026-08-01T06:59:52.327292+00:00,2026-08-01T06:59:52.586320+00:00,dry_run_id,0.0,DRY_RUN,False,0,
candidate_79c74055d139937c8fd8,"rank(ts_delta(ts_delta(anl14_mean_ebitda_fy2,63),126))",040de39910924b394321b4c110ece038014fd6e2a540e0db650345401e71afcd,fundamental,2026-08-01T06:59:52.327292+00:00,2026-08-01T06:59:52.587320+00:00,dry_run_id,0.0,DRY_RUN,False,0,
candidate_45a704b59aea1a821e3b,"rank(ts_ir(anl14_mean_ebitda_fy2,63))",591e893e8708ab86ef592e9e50620393919fb820addd5f9edef6371316fa640c,fundamental,2026-08-01T06:59:52.327292+00:00,2026-08-01T06:59:52.587320+00:00,dry_run_id,0.0,DRY_RUN,False,0,
candidate_1709f66f1add08c2a536,"rank(ts_decay_linear(ts_delta(dividend,126),63))",2d9b54e34e7d5e28b1e36aec46b636020833a651d68b4f985e06a225bf9677ac,fundamental,2026-08-01T06:59:52.327292+00:00,2026-08-01T06:59:54.588525+00:00,dry_run_id,0.0,DRY_RUN,False,0,
candidate_5ebaeb123c8ea744a974,"rank(dividend/ts_mean(dividend,63))",cf0c52eaa214d3532324d673782e782fe831b3cdd98dde64b212e1ba1de1f4a4,fundamental,2026-08-01T06:59:52.327292+00:00,2026-08-01T06:59:54.589525+00:00,dry_run_id,0.0,DRY_RUN,False,0,
candidate_6d9d7288845fc0734b38,"rank(ts_zscore(anl14_stddev_ebitda_fy2,21))",c63abb363f8297647c64e55ece466ba62f99dbe40312788ac1e35326723371b4,fundamental,2026-08-01T06:59:52.327292+00:00,2026-08-01T06:59:54.589525+00:00,dry_run_id,0.0,DRY_RUN,False,0,
candidate_9af2b7280af9ca00c1c9,"rank(ts_rank(anl14_mean_ebitda_fy2,63))",eeabadf8352cc566f8f621703661f99b6efd51c2845f26b14045f0bf582f40c8,fundamental,2026-08-01T06:59:52.327292+00:00,2026-08-01T06:59:56.591847+00:00,dry_run_id,0.0,DRY_RUN,False,0,
candidate_c7433b5d6cead768132c,"-rank(ts_delta(anl14_stddev_ebitda_fy2,126))",f1624939c60e520a55656fd4ef0a8e9d431f55cfe14dc11af74b908aa93fd145,fundamental,2026-08-01T06:59:52.327292+00:00,2026-08-01T06:59:56.591847+00:00,dry_run_id,0.0,DRY_RUN,False,0,
candidate_4cee66bd91397943f1d2,"-rank(ts_std_dev(cap,10))",ccc539bd0d4d82a555e518e938b32f27f236b3c99f2ef0c93553321728ca3e75,momentum,2026-08-01T07:00:05.752416+00:00,2026-08-01T07:00:06.598937+00:00,dry_run_id,0.0,DRY_RUN,False,0,
candidate_d44a827a42855402a80e,"rank(ts_zscore(volume,10)-ts_zscore(returns,10))",a6e94f2bb1312d601d4d7a5a84c35c2cd5d3ea1156e321ab6b5a973d294cee11,momentum,2026-08-01T07:00:05.752416+00:00,2026-08-01T07:00:06.599938+00:00,dry_run_id,0.0,DRY_RUN,False,0,
candidate_e28a79df57b3867fa09b,"rank(ts_std_dev(anl10_smartest_roa_ff,10)/ts_std_dev(anl10_smartest_roa_ff,20))",931653f18dc19cebe939eaf520464412bd99907d2c98515545415c8da14abf53,volatility,2026-08-01T07:00:05.752416+00:00,2026-08-01T07:00:06.599938+00:00,dry_run_id,0.0,DRY_RUN,False,0,
candidate_6e2896bbca6e4330c341,"rank(ts_max(anl14_high_ebitda_fp1,10)-ts_min(anl14_high_ebitda_fp1,10))",967368bb13e0889af4d34a0b9d0f9cce848f485316c35584fedf8c3a810509a1,volatility,2026-08-01T07:00:05.752416+00:00,2026-08-01T07:00:08.602569+00:00,dry_run_id,0.0,DRY_RUN,False,0,
candidate_3b9a3042b4f4f5ec2a20,"rank(ts_mean(dividend,10)/ts_std_dev(dividend,5))",eb58428404215b39d8dcfa80e367a2c2d0969bf19b225ba0133366910f2402d1,volatility,2026-08-01T07:00:05.752416+00:00,2026-08-01T07:00:08.602569+00:00,dry_run_id,0.0,DRY_RUN,False,0,
candidate_5ed6d36e4bcd50cc02c0,"rank(ts_delta(ts_delta(anl14_mean_revenue_fy5,63),126))",cd5724fc98a844692a4e20f18d5f19793f62d49e8ec8f3877c60547476eabde0,fundamental,2026-08-01T07:00:19.122101+00:00,2026-08-01T07:00:20.611689+00:00,dry_run_id,0.0,DRY_RUN,False,0,
candidate_572d650de6b98cc4cd04,"-rank(ts_delta(anl15_ind_hist_eps_gro,126))",a3442c9e53ad78f37dc5264e53b42001e7cff0da5ade061ff508c5c3ab183f4f,fundamental,2026-08-01T07:00:19.122101+00:00,2026-08-01T07:00:20.611689+00:00,dry_run_id,0.0,DRY_RUN,False,0,
candidate_1acc2a2973864a8b475d,"rank(ts_zscore(anl15_ind_hist_eps_gro,21))",9797f1db57c1cd690b958ac51be6a705a30e0d363ec923531eefc42015e14df7,fundamental,2026-08-01T07:00:19.122101+00:00,2026-08-01T07:00:20.611689+00:00,dry_run_id,0.0,DRY_RUN,False,0,
candidate_a8ce42d81fa90a3bd0ed,"rank(ts_zscore(anl14_median_ebitda_fp1,63)-ts_zscore(anl14_median_ebitda_fp2,63))",8530f5efb8500b0192cc3ed377f3395324b9138d41e141329ac6461cee934261,momentum,2026-08-01T07:00:32.693278+00:00,2026-08-01T07:00:34.624621+00:00,dry_run_id,0.0,DRY_RUN,False,0,
candidate_623612bd1cebe8ff4f8d,"rank(ts_rank(vwap,5)-ts_rank(vwap,20))",b387eb3bb3e7bd2ab98bb7ddaf67372959f861d795ce6f49bd9b9f5a2c2817a1,momentum,2026-08-01T07:00:46.119533+00:00,2026-08-01T07:00:46.634588+00:00,dry_run_id,0.0,DRY_RUN,False,0,
candidate_3e4b4630c7d274eb0d09,"rank(ts_zscore(close,10)-ts_zscore(vwap,10))",b0c3eafedc1841401e56db2a73051505f1e049a34bd62c3cac0da8d0449ed96c,momentum,2026-08-01T07:00:46.119533+00:00,2026-08-01T07:00:46.634588+00:00,dry_run_id,0.0,DRY_RUN,False,0,
candidate_400b4b71c56b6ce20cfe,"-rank(ts_std_dev(returns,10))",c3caee6be37b3211ff9533c9999c8ebe4a80195416d600e660e27c265e47f169,momentum,2026-08-01T07:00:46.119533+00:00,2026-08-01T07:00:46.634588+00:00,dry_run_id,0.0,DRY_RUN,False,0,
candidate_5900c74c2b5a21b0b8b5,"rank(ts_max(anl14_mean_ebitda_fp1,63)-ts_min(anl14_mean_ebitda_fp1,63))",e42dcc1a0ab8413dbc4ac47bfb51e473fe59027e082f4f9cf26699b9551b79a7,volatility,2026-08-01T07:00:59.393983+00:00,2026-08-01T07:01:00.646407+00:00,dry_run_id,0.0,DRY_RUN,False,0,
candidate_80e5e73af095ab38a66f,"rank(ts_mean(anl14_stddev_ebitda_fp1,63)/ts_std_dev(anl14_stddev_ebitda_fp1,21))",7e6eb2141bbe421d756a4edaa258981d4e60748695b416c62c4971fb977cc31c,volatility,2026-08-01T07:00:59.393983+00:00,2026-08-01T07:01:00.646407+00:00,dry_run_id,0.0,DRY_RUN,False,0,
candidate_b6c0f846eacb1dda7367,"rank(ts_std_dev(anl14_low_ebitda_fp1,63)/ts_std_dev(anl14_low_ebitda_fp1,126))",39d04a49c1a872785a990c61ba1778f63e43d1f248a7720ac0da7fd577ddc858,volatility,2026-08-01T07:00:59.393983+00:00,2026-08-01T07:01:00.646407+00:00,dry_run_id,0.0,DRY_RUN,False,0,
candidate_2db42337a6b84c313d56,"rank(ts_ir(dividend,63))",bac565d55b738e024454d87d0a5e04ed8d9108ef13283e42680be0542d78fedd,fundamental,2026-08-01T07:01:15.974750+00:00,2026-08-01T07:01:16.659479+00:00,dry_run_id,0.0,DRY_RUN,False,0,
candidate_181b2da087c843b2671b,"rank(ts_zscore(anl14_median_ndebt_fp3,21))",f00423b801d1fdcaf6c1033b6c9fe9a6158f133d4361895b921b4306fe22fb7a,fundamental,2026-08-01T07:01:15.974750+00:00,2026-08-01T07:01:16.659479+00:00,dry_run_id,0.0,DRY_RUN,False,0,
candidate_9c74bf4b31867e8bb342,"rank(ts_mean(ts_delta(anl14_stddev_ebitda_fp1,1),126))",7061528644a9d4ff6e6e3b9989d891f9a83fa7b9229e6ae5db5f6258de3bd26f,fundamental,2026-08-01T07:01:15.974750+00:00,2026-08-01T07:01:16.659479+00:00,dry_run_id,0.0,DRY_RUN,False,0,
candidate_4b5d8d61e74ca48daaa2,"rank(ts_decay_linear(ts_delta(anl14_median_ndebt_fp3,126),63))",cf3b0c15a9bcc5c16ec252fe4fac10dacacc18ba094426919b4c71efffbdc940,fundamental,2026-08-01T07:01:15.974750+00:00,2026-08-01T07:01:18.662439+00:00,dry_run_id,0.0,DRY_RUN,False,0,
candidate_d294a4cad672274f3d8b,"rank(ts_rank(anl10_epsinnovation_score_fq1,63))",55bb88d5fbada21d7c51421c384cbedc1dfd3b86f50a06e8febc8eff986a91fa,fundamental,2026-08-01T07:01:15.974750+00:00,2026-08-01T07:01:18.662439+00:00,dry_run_id,0.0,DRY_RUN,False,0,
candidate_4f5e5864f065b45f66c8,"rank(ts_delta(ts_delta(anl14_stddev_ebitda_fp1,63),126))",f36cc49cbca395503771715d86e47a52cc5871b962644f6e0c45709c06cea563,fundamental,2026-08-01T07:01:15.974750+00:00,2026-08-01T07:01:18.663438+00:00,dry_run_id,0.0,DRY_RUN,False,0,
candidate_f622793068e755b0bdfc,"-rank(ts_delta(anl10_epsinnovation_score_fq1,126))",fff3210032a396e42d34deddab5a2a5a1eff1e7f865b5ac0d97b75c23251430c,fundamental,2026-08-01T07:01:15.974750+00:00,2026-08-01T07:01:20.665321+00:00,dry_run_id,0.0,DRY_RUN,False,0,
candidate_f7875378a9ac649446c1,"rank(ts_mean(ts_delta(anl10_smartest_roa_ff,1),126))",537888c337e2e40ebc95ddbd2c46ce033631e4091e2bcfb4862a939f05fd758d,fundamental,2026-08-01T07:01:29.346396+00:00,2026-08-01T07:01:30.675037+00:00,dry_run_id,0.0,DRY_RUN,False,0,
candidate_373add4629ca434a1fbd,"rank(ts_delta(ts_delta(anl14_actvalue_ebitda_fy0,63),126))",e48707267e8312230d088d1f8da9fa269f97becc71f134252de969a7d779b9d2,fundamental,2026-08-01T07:01:29.346396+00:00,2026-08-01T07:01:30.675037+00:00,dry_run_id,0.0,DRY_RUN,False,0,
candidate_b098374bb4ff91b4efb8,"rank(ts_rank(anl14_actvalue_ebitda_fy0,63))",2f5baa1dbf6c78430eebb620370e768325c74faf7d2ea8d1e7060b66c9610d11,fundamental,2026-08-01T07:01:29.346396+00:00,2026-08-01T07:01:30.675037+00:00,dry_run_id,0.0,DRY_RUN,False,0,
candidate_a484a9b5f8835b4471e3,"rank(ts_ir(anl14_actvalue_ebitda_fy0,63))",9bcf2f212f7f819901dbda7a2024b196f76c512ce801efdda9845eaa603dd033,fundamental,2026-08-01T07:01:29.346396+00:00,2026-08-01T07:01:32.677230+00:00,dry_run_id,0.0,DRY_RUN,False,0,
candidate_c90c9a5c471ba32ea086,"rank(ts_zscore(anl10_smartest_roa_ff,21))",4f1cb8bbd55e642844b8b716f58a7ebe782f4af62bc36e0eb92b41cd4463da35,fundamental,2026-08-01T07:01:29.346396+00:00,2026-08-01T07:01:32.677230+00:00,dry_run_id,0.0,DRY_RUN,False,0,
candidate_5632203b9aa07d614819,"-rank(ts_delta(anl10_smartest_roa_ff,126))",019af769d44e9e3b43c6a0a0cb8cceff2eae53792129ee8bd39e981a5d3aba96,fundamental,2026-08-01T07:01:29.346396+00:00,2026-08-01T07:01:32.677230+00:00,dry_run_id,0.0,DRY_RUN,False,0,
candidate_24af4bf7cc0c59c489a2,"rank(ts_rank(returns,21)-ts_rank(returns,126))",ff9204250efb6447706c43bf9d6b39d1092b735262f2c53234ef38aa2be47a22,momentum,2026-08-01T07:02:09.529970+00:00,2026-08-01T07:02:10.711159+00:00,dry_run_id,0.0,DRY_RUN,False,0,
candidate_4bbe26ac0d1e3bfa13e6,"rank(ts_zscore(close,63)-ts_zscore(returns,63))",753c9a067a317ef68c47e376a6139b4dadc6315024d01b7e51d1358be6aeb220,momentum,2026-08-01T07:02:09.529970+00:00,2026-08-01T07:02:10.711159+00:00,dry_run_id,0.0,DRY_RUN,False,0,
candidate_0305d5d4584da2858997,"-rank(ts_std_dev(cap,63))",660b7290406a951d8f7c99f4efe93927f431cb89b8e35920b42257fc2a8a2e5a,momentum,2026-08-01T07:02:09.529970+00:00,2026-08-01T07:02:10.711159+00:00,dry_run_id,0.0,DRY_RUN,False,0,
candidate_e5d19dfe5651ff5a227b,"rank(ts_std_dev(anl14_high_ebitda_fp1,126)/ts_std_dev(anl14_high_ebitda_fp1,252))",2b260aa61fcda0bbbb75966bfbc55717bafe6417d38473a3e626dacf2bdce7e5,volatility,2026-08-01T07:02:24.152810+00:00,2026-08-01T07:02:24.723174+00:00,dry_run_id,0.0,DRY_RUN,False,0,
candidate_67e5caf670a8108af3bc,"rank(ts_max(anl14_mean_ebitda_fp1,126)-ts_min(anl14_mean_ebitda_fp1,126))",8ccf29dfc4d10671f4d429e174f059cc5b05814ed85f93af3a3df73372e50268,volatility,2026-08-01T07:02:24.152810+00:00,2026-08-01T07:02:24.723174+00:00,dry_run_id,0.0,DRY_RUN,False,0,
candidate_360bb3ad57d04c9b3fb0,"rank(ts_mean(anl14_stddev_ebitda_fp2,126)/ts_std_dev(anl14_stddev_ebitda_fp2,63))",60a95bb2c954638aaeb8fe8d5c2d51d63300c1f4caf78656ad07af3d490ff4a8,volatility,2026-08-01T07:02:24.152810+00:00,2026-08-01T07:02:24.723174+00:00,dry_run_id,0.0,DRY_RUN,False,0,
candidate_8bf2af5fe5d8c3ff0be8,"rank(ts_decay_linear(ts_delta(anl14_mean_ndebt_fp3,126),63))",a9f617f58c0909e3617909a5de874913936be9ab2730f7846c4536cc1afe597a,fundamental,2026-08-01T07:02:37.532015+00:00,2026-08-01T07:02:38.736362+00:00,dry_run_id,0.0,DRY_RUN,False,0,
candidate_0ce7b009372fd4e95cdc,"rank(ts_rank(anl10_smartest_roa_ff,63))",f460a128d487583ff10c04567e85ce80bcc99a2ee5c5767a1eb67402c9a3b10a,fundamental,2026-08-01T07:02:37.532015+00:00,2026-08-01T07:02:38.736362+00:00,dry_run_id,0.0,DRY_RUN,False,0,
candidate_ca9d98232c241785c3e0,"rank(ts_delta(ts_delta(dividend,63),126))",ad3102a86f81205df73edc9ce27f9633f5bd2e2ef777632e779eba0275c90fb9,fundamental,2026-08-01T07:02:37.532015+00:00,2026-08-01T07:02:38.737362+00:00,dry_run_id,0.0,DRY_RUN,False,0,
candidate_46325fc7906a3fef2723,"rank(anl10_smartest_roe_ff/ts_mean(anl10_smartest_roe_ff,63))",094849aa1b574a99994f8750e6902372a3572b031472b93612e56a3d1ec0eeec,fundamental,2026-08-01T07:02:37.532015+00:00,2026-08-01T07:02:40.739065+00:00,dry_run_id,0.0,DRY_RUN,False,0,
candidate_f7768ac321e13661fc71,"rank(ts_zscore(anl14_mean_ndebt_fp3,21))",d9faff05d08868b5054fa0bbd28fe3f293617d07f1679dce3fdfa40caf795c7c,fundamental,2026-08-01T07:02:37.532015+00:00,2026-08-01T07:02:40.739572+00:00,dry_run_id,0.0,DRY_RUN,False,0,
candidate_80767439726ce7dcd0ee,"rank(ts_mean(ts_delta(dividend,1),126))",136341f4b849e8173033c41edccd90ded31c32d5880272a85d8e50870c201e3f,fundamental,2026-08-01T07:02:37.532015+00:00,2026-08-01T07:02:40.739572+00:00,dry_run_id,0.0,DRY_RUN,False,0,
candidate_454547719a41a25956e0,"rank(ts_ir(anl10_smartest_roe_ff,63))",344393e9227f52c47afd41b833fc2591d80818c4861cba36a3efc08cc8216155,fundamental,2026-08-01T07:02:37.532015+00:00,2026-08-01T07:02:42.741701+00:00,dry_run_id,0.0,DRY_RUN,False,0,
candidate_39ec31c30f5c11234def,"rank(ts_zscore(returns,10)-ts_zscore(anl15_gr_hist_eps_gro,10))",e5e31ccbff1b78738e60d27b9a3f15674c64d9deaf13c844187c4ea8d2039c66,momentum,2026-08-01T07:02:37.532015+00:00,2026-08-01T07:02:42.741701+00:00,dry_run_id,0.0,DRY_RUN,False,0,
candidate_cf74151d6211f8274768,"rank(ts_max(anl10_salfq1_pred_surps_v0_985,63)-ts_min(anl10_salfq1_pred_surps_v0_985,63))",0a4b104d31bfdb779bb25c8555500e7781b533f66a88667e422cddafd713ebb3,volatility,2026-08-01T07:03:17.838050+00:00,2026-08-01T07:03:18.773876+00:00,dry_run_id,0.0,DRY_RUN,False,0,
candidate_a6f386d0fdeeeb5c543a,"rank(ts_std_dev(anl15_ind_fy1_cos_up,63)/ts_std_dev(anl15_ind_fy1_cos_up,126))",299a4901b80d9091e7e29f288291b1c6ab00bda8353dd605553e3bca44d1bac5,volatility,2026-08-01T07:03:17.838050+00:00,2026-08-01T07:03:18.773876+00:00,dry_run_id,0.0,DRY_RUN,False,0,
candidate_165619e0a074288d02e1,"rank(ts_mean(anl15_salgics_ind_18_m_mean,63)/ts_std_dev(anl15_salgics_ind_18_m_mean,21))",164c0fc819db6e4d31296f9dbded88f61e7f6ca0998b2d1ddbf5428d19a1c87f,volatility,2026-08-01T07:03:17.838050+00:00,2026-08-01T07:03:18.773876+00:00,dry_run_id,0.0,DRY_RUN,False,0,
candidate_f57c0a6fd3bdd4944953,"rank(ts_rank(anl15_dpsgics_gr_fy1_ests_up,63)-ts_rank(anl15_dpsgics_gr_fy1_ests_up,252))",800fdcf4c9bd3ed6828528c02b9e29ca3f62eff5d4dbdc08f518b173b3c4eefd,momentum,2026-08-01T07:03:31.222673+00:00,2026-08-01T07:03:32.787103+00:00,dry_run_id,0.0,DRY_RUN,False,0,
candidate_1705c1813440c6c372ca,"-rank(ts_std_dev(anl15_bpsgics_gr_18_m_total,126))",a30cf6cf4285eba66de9d2b68f2e9a6b53021e1157515a6f08abd56713d3958c,momentum,2026-08-01T07:03:31.222673+00:00,2026-08-01T07:03:32.787103+00:00,dry_run_id,0.0,DRY_RUN,False,0,
candidate_7b5c92ed076c378acb82,"rank(ts_zscore(anl15_ebtgics_gr_fy1_ests_up,126)-ts_zscore(anl15_dpsgics_gr_fy1_ests_up,126))",77fb0d075b64751a898b81c9b07c443ae96839763c763f1e9ff8cd000c4136ae,momentum,2026-08-01T07:03:31.222673+00:00,2026-08-01T07:03:32.788102+00:00,dry_run_id,0.0,DRY_RUN,False,0,
candidate_fa8e814df655ca2bbdfc,"rank(ts_decay_linear(ts_delta(open,20),10))",c4d540619a12690ff168c66ea78c0ec8b9c8512143a398eb5ab30b678d79ea6a,fundamental,2026-08-01T07:04:16.123407+00:00,2026-08-01T07:04:16.825945+00:00,dry_run_id,0.0,DRY_RUN,False,0,
candidate_8fe0d084f37a9812cddf,"rank(ts_zscore(low,5))",5daa6be0bb9bd79c91ebf9db6a36de10c9b8cc734d0d881ef593eb893aa22828,fundamental,2026-08-01T07:04:16.123407+00:00,2026-08-01T07:04:16.825945+00:00,dry_run_id,0.0,DRY_RUN,False,0,
candidate_66c3914c353a14e51dc2,"rank(ts_rank(high,10))",77561c9502f71c673b971af7f733371f3474d2c9d5e400acd8d70cc4b5904748,fundamental,2026-08-01T07:04:16.123407+00:00,2026-08-01T07:04:16.825945+00:00,dry_run_id,0.0,DRY_RUN,False,0,
candidate_7342fef756881a3c5c50,"-rank(ts_delta(anl14_median_ebitda_fp1,20))",20d9f37d951566bac90fbb8fbb592d5ff1f7d2993f48a7776e374e8706b9c184,fundamental,2026-08-01T07:05:25.688415+00:00,2026-08-01T07:05:26.895532+00:00,dry_run_id,0.0,DRY_RUN,False,0,
candidate_9a79d88869153de2cbca,"rank(ts_decay_linear(ts_delta(anl14_stddev_ebitda_fp1,20),10))",009ae538ea770a6c10647e96d8e29d24a4ed1b4620d222ac058d01795bf9eb53,fundamental,2026-08-01T07:05:25.688415+00:00,2026-08-01T07:05:26.895532+00:00,dry_run_id,0.0,DRY_RUN,False,0,
candidate_2d5c475e0e3b5c1fb0ce,"rank(anl14_stddev_ebitda_fp1/ts_mean(anl14_stddev_ebitda_fp1,10))",b971cb6ce132f896c8aeae393f238fe04426e5b377d53c74d50485a075bbdb8c,fundamental,2026-08-01T07:05:25.688415+00:00,2026-08-01T07:05:26.896532+00:00,dry_run_id,0.0,DRY_RUN,False,0,
candidate_70fdd665e0ac261b077e,"rank(ts_rank(anl14_high_ebitda_fp1,10))",f00073216cd5cc067972ab1f6cc85443ba97415a7083dd43fbe8f271aff8b152,fundamental,2026-08-01T07:05:25.688415+00:00,2026-08-01T07:05:28.898878+00:00,dry_run_id,0.0,DRY_RUN,False,0,
candidate_db16f7d2cf23d140f2e6,"rank(ts_mean(ts_delta(anl14_median_ebitda_fp1,1),20))",9e39a08265f5aae50545a5eb2a9065efe888f05ae82ae22b5933dea11bd0a6b9,fundamental,2026-08-01T07:05:25.688415+00:00,2026-08-01T07:05:28.899674+00:00,dry_run_id,0.0,DRY_RUN,False,0,
candidate_a941ef24cd80dfcc4df2,"rank(ts_delta(ts_delta(anl14_high_ebitda_fp1,10),20))",877de12f6f586cca96e0ceef4dc5601ebde31decb1bd5b0693c0dd59e4ed242a,fundamental,2026-08-01T07:05:25.688415+00:00,2026-08-01T07:05:28.899674+00:00,dry_run_id,0.0,DRY_RUN,False,0,
candidate_457fdfe90b48de091cda,"rank(ts_ir(anl14_high_ebitda_fp1,10))",6ca7ecb249a024e181b25f9014cf67eba4ad2b96da6defc7a25602da4791e02b,fundamental,2026-08-01T07:05:25.688415+00:00,2026-08-01T07:05:30.901547+00:00,dry_run_id,0.0,DRY_RUN,False,0,
candidate_59745ea8373357e16513,"rank(ts_zscore(anl14_median_ebitda_fp1,5))",fe8181eb1e4b34218d9cb9ab84962898db9f0c1eb0889b3e90c9a2b84a71cf7a,fundamental,2026-08-01T07:05:25.688415+00:00,2026-08-01T07:05:30.901547+00:00,dry_run_id,0.0,DRY_RUN,False,0,
candidate_62d592744cb25f08514b,"rank(ts_zscore(dividend,63)-ts_zscore(anl14_mean_ebitda_fy1,63))",479ce3d4ef2dd8b37ac99fcc3f06f3678b0c73fabbb64fd6037f6a23ab271130,momentum,2026-08-01T07:05:25.688415+00:00,2026-08-01T07:05:30.902548+00:00,dry_run_id,0.0,DRY_RUN,False,0,
candidate_8f765411dbcb80a84497,"-rank(ts_std_dev(anl14_median_ebitda_fy2,63))",9d28f38e53346b8c45959545f6294e5ebc884254b882ea1b259340cf7c250e33,momentum,2026-08-01T07:05:25.688415+00:00,2026-08-01T07:05:32.904257+00:00,dry_run_id,0.0,DRY_RUN,False,0,
candidate_5bcc41b18179062c52f5,"rank(ts_rank(anl14_mean_ebitda_fy1,21)-ts_rank(anl14_mean_ebitda_fy1,126))",91dd12d2cb8692bfecb8359b1afbea16b380917d541cc8b6034d581a77501e93,momentum,2026-08-01T07:05:25.688415+00:00,2026-08-01T07:05:32.904257+00:00,dry_run_id,0.0,DRY_RUN,False,0,
candidate_1b693e252ad63b5609a8,"rank(ts_max(returns,63)-ts_min(returns,63))",630b29c5b953668156e52f69c2d7d9a067a77010a74926efe53e7960b7409fb6,volatility,2026-08-01T07:05:38.994466+00:00,2026-08-01T07:05:40.912295+00:00,dry_run_id,0.0,DRY_RUN,False,0,
candidate_b9dd5d9ff4396ad87bbc,"rank(ts_std_dev(anl14_low_ebitda_fp3,63)/ts_std_dev(anl14_low_ebitda_fp3,126))",1a6e5626b5f8fae568ee82092d27e4a265e029e739b229083e3b0c4ae2bcbb30,volatility,2026-08-01T07:05:38.994466+00:00,2026-08-01T07:05:40.912295+00:00,dry_run_id,0.0,DRY_RUN,False,0,
candidate_7bd87169cd5ee3d32308,"rank(ts_zscore(social_pillar_composite_score,63)-ts_zscore(anl10_salfy1_pred_surps_v2_1006,63))",3454b94d9f9b72c6ba504bb2b40f0441bae8d656fb90074b0f9eafcefbb3ae9c,momentum,2026-08-01T07:12:51.498465+00:00,2026-08-01T07:12:51.506252+00:00,dry_run_id,0.0,DRY_RUN,False,0,
candidate_722baa2245bbac39d8e1,"-rank(ts_std_dev(anl10_salfq1_pred_surps_v0_985,63))",8ba07b297b5398dab48645671fe6e2b8e0e4f8e40e9e9be49ea0897a189ed4cb,momentum,2026-08-01T07:12:51.498465+00:00,2026-08-01T07:12:51.506252+00:00,dry_run_id,0.0,DRY_RUN,False,0,
candidate_d86aee10c23074cdf5af,"rank(ts_rank(anl10_salfy1_pred_surps_v2_1006,21)-ts_rank(anl10_salfy1_pred_surps_v2_1006,126))",6ff3e7b8f06d0b5ff00aed40eff61d85f71ac8f88ac2985e1ea82deab2cc8eab,momentum,2026-08-01T07:12:51.498465+00:00,2026-08-01T07:12:51.507252+00:00,dry_run_id,0.0,DRY_RUN,False,0,
candidate_a0b59463d18061a8879d03f5,"rank(ts_decay_linear(ts_delta(anl14_actvalue_ebitda_fy0,126),63))",79db71488a23f080fe58632ccc787a651aae0096bc101cb59095077d45b629b1,fundamental,2026-08-01T07:42:52.491627+00:00,2026-08-01T07:42:53.156001+00:00,dry_run_id,0.0,DRY_RUN,False,0,
candidate_16b7fc8c1a07b6a119f15723,"rank(ts_mean(ts_delta(anl10_roeff_2323,1),126))",33294feee130efe6d0a0a0302ce3f300a2fb36b70e2b9b90ca4718cddf29e0f3,fundamental,2026-08-01T07:42:52.491627+00:00,2026-08-01T07:42:53.157001+00:00,dry_run_id,0.0,DRY_RUN,False,0,
candidate_21c96c89de64379749b18540,"-rank(ts_delta(anl10_roeff_2323,126))",de63c2ae952d1bae7a1d069245b940fa1d3fe6fd7e7fe2799f239cf56e629449,fundamental,2026-08-01T07:42:52.491627+00:00,2026-08-01T07:42:53.157001+00:00,dry_run_id,0.0,DRY_RUN,False,0,
candidate_c70752f0ef08bbbebc961093,"rank(ts_ir(anl10_smartest_roa_ff,63))",b462b7fdce65fbf004507069d53ffada148cf5879de3c70f20ac000b8ee8e595,fundamental,2026-08-01T07:42:52.491627+00:00,2026-08-01T07:42:55.158455+00:00,dry_run_id,0.0,DRY_RUN,False,0,
candidate_318104dd2f98942af23bb255,"rank(anl14_actvalue_ebitda_fy0/ts_mean(anl14_actvalue_ebitda_fy0,63))",47b69f26a370719a0d165b7fd8af7b8c025a0b55ba5b7e734e18c0edc3974587,fundamental,2026-08-01T07:42:52.491627+00:00,2026-08-01T07:42:55.159455+00:00,dry_run_id,0.0,DRY_RUN,False,0,
candidate_293e99c9ce689210bb63d4c2,"rank(ts_delta(ts_delta(anl10_smartest_roa_ff,63),126))",5eb8dd3821e9d7558c8912c6372417d61f488eb0c9a219bfb5d87c5c81845cd9,fundamental,2026-08-01T07:42:52.491627+00:00,2026-08-01T07:42:55.159455+00:00,dry_run_id,0.0,DRY_RUN,False,0,
candidate_ff0e33f539301374f9c64bfd,"rank(ts_zscore(anl10_roeff_2323,21))",5809e9002e7796fa9cbf841462108cca9864f73400a88b50bdab87b54c27b62e,fundamental,2026-08-01T07:42:52.491627+00:00,2026-08-01T07:42:57.161082+00:00,dry_run_id,0.0,DRY_RUN,False,0,
candidate_8de3cb1f5d8cb9216eaa4e77,"rank(ts_std_dev(anl14_median_ndebt_fp3,63)/ts_std_dev(anl14_median_ndebt_fp3,126))",47085b376bdcac48d7da2ea5037938de2f8170f4a289728bcc501b55ccb7b108,volatility,2026-08-01T07:42:52.491627+00:00,2026-08-01T07:42:57.162081+00:00,dry_run_id,0.0,DRY_RUN,False,0,
candidate_8a10eacc1054a4dea3ad7fd2,"-rank(ts_delta(anl14_mean_capex_fy5,63))",af4e3ed33c319d4fc832c81bfb841ca17e15430dedacfc9a84f5fe42b02b55d4,momentum,2026-08-01T07:43:06.503060+00:00,2026-08-01T07:43:07.167593+00:00,dry_run_id,0.0,DRY_RUN,False,0,
candidate_5bc39afef6c987af74c5a258,"rank(ts_ir(anl14_numofests_revenue_fy5,126))",38e4c432d762469220f36c059acb530ae157b1e232733b5edd99c5e091082cf8,momentum,2026-08-01T07:43:06.503060+00:00,2026-08-01T07:43:07.168592+00:00,dry_run_id,0.0,DRY_RUN,False,0,
candidate_a3d7d51dd535100ec661a53a,"rank(ts_zscore(anl14_mean_capex_fy4,126)-ts_zscore(anl14_mean_revenue_fy5,126))",21b0180ef185050ecd8ee28d922b865876bc3279c1a80de821e5909f9326c097,momentum,2026-08-01T07:43:06.503060+00:00,2026-08-01T07:43:07.168592+00:00,dry_run_id,0.0,DRY_RUN,False,0,
candidate_a71b733957f7923f33c956bf,"rank(ts_rank(anl14_mean_capex_fy4,126))",88b7cd91177867646bfbf1b256241b5d753b2cecaa21ef16684064d9d08e5fb3,momentum,2026-08-01T07:43:06.503060+00:00,2026-08-01T07:43:09.170194+00:00,dry_run_id,0.0,DRY_RUN,False,0,
candidate_53a82ce224692e817b44a3eb,"-rank(ts_std_dev(anl14_mean_ebitda_fy5,126))",d3623e6e57aecf3aa7dd17c4edef0fad10bc8c63684e9bf39018b741e642b652,momentum,2026-08-01T07:43:06.503060+00:00,2026-08-01T07:43:09.170194+00:00,dry_run_id,0.0,DRY_RUN,False,0,
candidate_f7991d70dde5a84061dcfa60,"rank(ts_mean(ts_delta(anl14_mean_revenue_fy5,1),63))",666163cc9cf80154092908a26322f59cb9d91090c18b0a32601d4c74d85621a5,momentum,2026-08-01T07:43:06.503060+00:00,2026-08-01T07:43:09.171617+00:00,dry_run_id,0.0,DRY_RUN,False,0,
candidate_32da10105b97d6a18d741f7e,"rank(ts_decay_linear(ts_delta(anl14_mean_ebitda_fy5,63),126))",d2ce5789a34544908694969fa9f4cbb9d237bbd55659cf1b8f79c61ce6ecd6cd,momentum,2026-08-01T07:43:06.503060+00:00,2026-08-01T07:43:11.172544+00:00,dry_run_id,0.0,DRY_RUN,False,0,
candidate_0ff1c387f9e27a345cabddca,"rank(ts_rank(anl14_mean_revenue_fy5,63)-ts_rank(anl14_mean_revenue_fy5,252))",685be7d065849b734dd1346dd3516dafeb4e730062aabe9a576efae0b7941f3b,momentum,2026-08-01T07:43:06.503060+00:00,2026-08-01T07:43:11.173544+00:00,dry_run_id,0.0,DRY_RUN,False,0,
candidate_4dce4f431c11957d33a4b610,"rank(ts_decay_linear(ts_delta(anl14_mean_ebitda_fp1,21),126))",f98a231d85b89a2db5312f791aef288af61b86b54a689c80eea2235247a14b76,reversal,2026-08-01T07:43:20.640871+00:00,2026-08-01T07:43:21.180319+00:00,dry_run_id,0.0,DRY_RUN,False,0,
candidate_b477c5f220f72f07107258ba,"rank(ts_rank(dividend,126))",d3b829b7180c28e9b55234b7f2c1f5d98708ab9f9eb0194852bdbc86776f3763,reversal,2026-08-01T07:43:20.640871+00:00,2026-08-01T07:43:21.180319+00:00,dry_run_id,0.0,DRY_RUN,False,0,
candidate_44b5b2847f2a65cfa88bb06d,"rank(ts_ir(dividend,126))",b8407bd40c23db1456a06a66bb1c2e0de334cb70cc2f2e25c01538ffc12ad33d,reversal,2026-08-01T07:43:20.640871+00:00,2026-08-01T07:43:21.181235+00:00,dry_run_id,0.0,DRY_RUN,False,0,
candidate_de90394b1c86b5e556e7b644,"-rank(ts_std_dev(anl14_high_ebitda_fp1,126))",9e9a599f36a5836632b3f0614b95e2f9d9d540c5419044d2e6561a5de0d87799,reversal,2026-08-01T07:43:20.640871+00:00,2026-08-01T07:43:23.183284+00:00,dry_run_id,0.0,DRY_RUN,False,0,
candidate_5e7695aa2ae356a31ec8b735,"-rank(ts_delta(dividend,21))",7f6cc79609c9051fce187bd903c890c4d27e0e674328b180ce1f227c570919fa,reversal,2026-08-01T07:43:20.640871+00:00,2026-08-01T07:43:23.184283+00:00,dry_run_id,0.0,DRY_RUN,False,0,
candidate_68f0b37390d086bb2f4b4154,"rank(ts_rank(anl14_mean_ebitda_fp1,21)-ts_rank(anl14_mean_ebitda_fp1,63))",2b7d37d90eb77ccb5ffef0f80e2093773287a15df4c87b447e79f92ca9327cd8,reversal,2026-08-01T07:43:20.640871+00:00,2026-08-01T07:43:23.184283+00:00,dry_run_id,0.0,DRY_RUN,False,0,
candidate_d955c20e48cb4556dc2b6a0f,"rank(ts_mean(ts_delta(anl14_high_ebitda_fp1,1),21))",bf11dcabac1e0324eb3503f4dd5477ceeb955f95d149400c817a3d1ea934bc65,reversal,2026-08-01T07:43:20.640871+00:00,2026-08-01T07:43:25.185044+00:00,dry_run_id,0.0,DRY_RUN,False,0,
candidate_7e6a750a6ee1aa2c48510a7d,"rank(ts_zscore(anl14_high_ebitda_fp1,126)-ts_zscore(anl14_mean_ebitda_fp1,126))",c23f8ebc00285c92d16ee69f847ed454f1ac9c275418a3574e2ac93265a49b9e,reversal,2026-08-01T07:43:20.640871+00:00,2026-08-01T07:43:25.186043+00:00,dry_run_id,0.0,DRY_RUN,False,0,
candidate_7a3c7532d8b1c4546ae4c073,"rank(ts_std_dev(returns,63)/ts_std_dev(returns,126))",3aff8118e7dee680f12ad26ed29362ccc8ec76e68e30e0621a32d856d08fc0f9,volatility,2026-08-01T07:43:20.640871+00:00,2026-08-01T07:43:25.186043+00:00,dry_run_id,0.0,DRY_RUN,False,0,
candidate_a4db62cb2281ea882a32f412,"rank(ts_max(cap,63)-ts_min(cap,63))",1e827bc01ccf23349f35d9bd23073f00082c9c032398f8598cd065694e3fa5be,volatility,2026-08-01T07:43:20.640871+00:00,2026-08-01T07:43:27.187038+00:00,dry_run_id,0.0,DRY_RUN,False,0,
candidate_de0babfce05a8ff32d11ccca,"rank(ts_rank(anl14_low_ebitda_fp2,63)-ts_rank(anl14_low_ebitda_fp2,252))",481dc53b334948501c618b13f090d0f9ad31749fea4541f7fe0351140c0a3881,balanced,2026-08-01T07:43:34.680187+00:00,2026-08-01T07:43:35.194634+00:00,dry_run_id,0.0,DRY_RUN,False,0,
candidate_3471344d18f563f1e7b5d1a5,"rank(ts_mean(ts_delta(anl14_low_ebitda_fp2,1),63))",efd2a719557a9d1139cfeecc904030c634d78e6b14bbda9a2ac436dd21eed73a,balanced,2026-08-01T07:43:34.680187+00:00,2026-08-01T07:43:35.195634+00:00,dry_run_id,0.0,DRY_RUN,False,0,
candidate_fce341b532489363592c5010,"rank(ts_zscore(anl14_high_ebitda_fp1,126)-ts_zscore(anl14_low_ebitda_fp2,126))",152f778ba4df79d2155dad42f00dd5051bb9e649a0bbacc1c559a59155e3c6c6,balanced,2026-08-01T07:43:34.680187+00:00,2026-08-01T07:43:35.195634+00:00,dry_run_id,0.0,DRY_RUN,False,0,
candidate_778d967338718e9a8e1dc7c1,"rank(ts_decay_linear(ts_delta(anl14_stddev_ebitda_fp1,63),126))",67d15dd8dee7c6e0f764dd794dbd20898ecc64a421f5314a7d70939de428726a,balanced,2026-08-01T07:43:34.680187+00:00,2026-08-01T07:43:37.198055+00:00,dry_run_id,0.0,DRY_RUN,False,0,
candidate_94775fd217833c5f46ef8850,"rank(ts_rank(anl14_high_ebitda_fp1,126))",e01bbb8d1fb602aa1f5bb7e60394782da9a2ce0ed43ec6f9326e8ee67270a03b,balanced,2026-08-01T07:43:34.680187+00:00,2026-08-01T07:43:37.198055+00:00,dry_run_id,0.0,DRY_RUN,False,0,
candidate_bf356a836fac7f4395f587ff,"-rank(ts_delta(anl14_stddev_ebitda_fp3,63))",d5a5536358876d8331c3e1678e3d03855d804130cc98db45c8a5e0c8c4b98498,balanced,2026-08-01T07:43:34.680187+00:00,2026-08-01T07:43:37.198055+00:00,dry_run_id,0.0,DRY_RUN,False,0,
candidate_604782cfd7b3e3c59bd87bcc,"rank(ts_ir(anl14_stddev_ebitda_fp2,126))",838830f52a2a8067028b314ff42e7107d321e5f707b064ef1db38e32e4cebe1c,balanced,2026-08-01T07:43:34.680187+00:00,2026-08-01T07:43:39.200920+00:00,dry_run_id,0.0,DRY_RUN,False,0,
candidate_69d9b9c9326215c67304bc53,"-rank(ts_std_dev(anl14_stddev_ebitda_fp1,126))",fbb693cd90ad57cdff1c29c42f4dca1cfb83662be43553d72dfc474e3b3e5d1c,balanced,2026-08-01T07:43:34.680187+00:00,2026-08-01T07:43:39.200920+00:00,dry_run_id,0.0,DRY_RUN,False,0,
candidate_298e9246cf32eb94d6f4e1fd,"rank(anl14_stddev_ebitda_fp1/ts_mean(anl14_stddev_ebitda_fp1,63))",842ec6f66ad6b890487a7fdc7d38a25b097ce1d731aad9b24abb143380be7370,fundamental,2026-08-01T07:43:34.680187+00:00,2026-08-01T07:43:39.200920+00:00,dry_run_id,0.0,DRY_RUN,False,0,
candidate_a6d4d35719f7e76945c28cf9,"rank(ts_zscore(dividend,21))",9e1d7a67051f774bd560a9b400c29a112669fe2ff845d6a858b241aeac12d5f3,fundamental,2026-08-01T07:43:34.680187+00:00,2026-08-01T07:43:41.202217+00:00,dry_run_id,0.0,DRY_RUN,False,0,
candidate_df03fb9c4bd174136c4f6277,"rank(ts_delta(ts_delta(anl14_median_ndebt_fp3,63),126))",22d196290ac331bd125d8cf2e2df37ac022d0ef11e448d94b90b8d85cd34cb7a,fundamental,2026-08-01T07:43:34.680187+00:00,2026-08-01T07:43:41.203218+00:00,dry_run_id,0.0,DRY_RUN,False,0,
candidate_0ff376ebf92e38e346069799,"-rank(ts_std_dev(anl14_high_ebitda_fp1,21))",bcb2c98f374a0e475c2441d6b71360bab9573e34090003d85a4b088c7ebe001c,volatility,2026-08-01T07:43:48.480171+00:00,2026-08-01T07:43:49.209904+00:00,dry_run_id,0.0,DRY_RUN,False,0,
candidate_ec8230911cc7b0e0191d4858,"rank(ts_rank(anl14_low_ebitda_fp3,21))",1b2dc426f8a1d44539b64d77fc40a15f0b68add183319773b6a5c6d5d2b4cb5e,volatility,2026-08-01T07:43:48.480171+00:00,2026-08-01T07:43:49.209904+00:00,dry_run_id,0.0,DRY_RUN,False,0,
candidate_c98150e6abb99ec22004e426,"rank(ts_decay_linear(ts_delta(anl14_stddev_ebitda_fp1,63),21))",c0b651ce70571aea1cc7f12a4301555f308b598829cd29c87286e11c43e33264,volatility,2026-08-01T07:43:48.480171+00:00,2026-08-01T07:43:49.210410+00:00,dry_run_id,0.0,DRY_RUN,False,0,
candidate_daaa1e81082a1fbdce6e0705,"rank(ts_ir(returns,21))",e75e0790abe6764bf9d7a658ca91aaeda579f3965e3fc1ca4a7112d2f33d3fc6,volatility,2026-08-01T07:43:48.480171+00:00,2026-08-01T07:43:51.212036+00:00,dry_run_id,0.0,DRY_RUN,False,0,
candidate_1b3703a4f482ede7c39524e9,"rank(ts_mean(ts_delta(anl14_high_ebitda_fp1,1),63))",9c7e242c897575c73f17ba652dae5abcc794da63c7b835c9d8341ffe14f5478a,volatility,2026-08-01T07:43:48.480171+00:00,2026-08-01T07:43:51.212036+00:00,dry_run_id,0.0,DRY_RUN,False,0,
candidate_85ebd224b579e4379c18202f,"rank(ts_mean(ts_delta(anl14_median_ebitda_fy2,1),21))",7cde994e628803929dfdd8ead8bb17ea2d7fd5117ab07ce8cf3568a24901a5f8,momentum,2026-08-01T07:47:07.034532+00:00,2026-08-01T07:47:07.418458+00:00,dry_run_id,0.0,DRY_RUN,False,0,
candidate_f176fb80321a6faa1c35b872,"rank(ts_ir(anl14_mean_ebitda_fy1,63))",17582c41a793a979df822e634f14260c3bde5e71bce1ec15850c78238ff20fe6,momentum,2026-08-01T07:47:07.034532+00:00,2026-08-01T07:47:07.418458+00:00,dry_run_id,0.0,DRY_RUN,False,0,
candidate_ae7f2722559a6b624a952274,"rank(ts_decay_linear(ts_delta(dividend,21),63))",b05e09a8cc2871661fd76985e243a73c6918885ab9bbf341b4ef64074d79ca47,momentum,2026-08-01T07:47:07.034532+00:00,2026-08-01T07:47:07.418458+00:00,dry_run_id,0.0,DRY_RUN,False,0,
candidate_ddba1847d52695cf4d1ea2d6,"rank(ts_rank(anl14_mean_ebitda_fy1,63))",7af8958f0b4ad40c52ade851814f753175b1df4df9371d6b890909c025a4f434,momentum,2026-08-01T07:47:07.034532+00:00,2026-08-01T07:47:09.420387+00:00,dry_run_id,0.0,DRY_RUN,False,0,
candidate_fbcd688a2efc3a0a4f9b5074,"-rank(ts_delta(anl14_median_ebitda_fy2,21))",ff6ca4e70be24b349efca8c88cfc2636c0f2eea94a555f145702abf338d902ab,momentum,2026-08-01T07:47:07.034532+00:00,2026-08-01T07:47:09.420387+00:00,dry_run_id,0.0,DRY_RUN,False,0,
candidate_fd100d0dea4142df59e265b1,"rank(anl15_ind_hist_eps_gro/ts_mean(anl15_ind_hist_eps_gro,63))",35c0bd1ae02ecace8c9e04c8c23e7758f94eec9286ba2b78ec07bb3831d1e142,fundamental,2026-08-01T07:47:07.034532+00:00,2026-08-01T07:47:09.421387+00:00,dry_run_id,0.0,DRY_RUN,False,0,
candidate_46c1b6af4cb8cf28d66753c0,"rank(ts_zscore(anl10_smartest_roe_ff,21))",bcbd54d4ab683dc6de3241a706aec3764d469502005accf05954deb9d1c5930e,fundamental,2026-08-01T07:47:07.034532+00:00,2026-08-01T07:47:11.421782+00:00,dry_run_id,0.0,DRY_RUN,False,0,
candidate_90bb976e2e23d5a68cbf0492,"rank(ts_rank(returns,5)-ts_rank(returns,10))",757a821d29c22ed602d05c967d7ab765a7d7cfc04331a4c5d62622e4a2fde7e9,reversal,2026-08-01T07:47:21.056036+00:00,2026-08-01T07:47:21.428990+00:00,dry_run_id,0.0,DRY_RUN,False,0,
candidate_0508a55ccd9978dc744e1a5d,"-rank(ts_delta(open,5))",59be11565350ee984b853f91a18c54dfcdaf35371c6b23d029637a9d8ca4b64b,reversal,2026-08-01T07:47:21.056036+00:00,2026-08-01T07:47:21.428990+00:00,dry_run_id,0.0,DRY_RUN,False,0,
candidate_06f8ee5fa8bfd4deb62d6e9f,"rank(ts_mean(ts_delta(close,1),5))",94f9264c73e4459afd6df7acb6f74f420a27670db66c00056f466c25d1070354,reversal,2026-08-01T07:47:21.056036+00:00,2026-08-01T07:47:21.428990+00:00,dry_run_id,0.0,DRY_RUN,False,0,
candidate_261681f43b84779baf1d70f3,"rank(ts_rank(open,20))",959b58f5a5799280d27eb76037fc3dcf0c6bfd5ed4b143af672e7d3ca16a97d3,reversal,2026-08-01T07:47:21.056036+00:00,2026-08-01T07:47:23.431105+00:00,dry_run_id,0.0,DRY_RUN,False,0,
candidate_e5181afc5ed91dcf625af5a6,"rank(ts_zscore(close,20)-ts_zscore(returns,20))",bc5b39646a07bd3bf78b31876785921031bed4775e33d34d68d3b94f0246ff64,reversal,2026-08-01T07:47:21.056036+00:00,2026-08-01T07:47:23.431105+00:00,dry_run_id,0.0,DRY_RUN,False,0,
candidate_71ad1953660102e34da5eae5,"rank(ts_decay_linear(ts_delta(returns,5),20))",691fab7fd2ed16bcfe21556ee2cc2f763a204911674bef99b2c6fef75971fbb1,reversal,2026-08-01T07:47:21.056036+00:00,2026-08-01T07:47:23.431105+00:00,dry_run_id,0.0,DRY_RUN,False,0,
candidate_cd26615d50c2ee96582cf5e5,"-rank(ts_std_dev(close,20))",3e013da5bae5363ac50d7f7dc5ac30ac0c71ab0cf984dabe2338cc668362e2f5,reversal,2026-08-01T07:47:21.056036+00:00,2026-08-01T07:47:25.433251+00:00,dry_run_id,0.0,DRY_RUN,False,0,
candidate_e2a94317de5cc586dee82979,"rank(ts_ir(open,20))",f3f10c597fe794352086bea7ee427bc76ce44900af19dba84c95c122e9ebbbf7,reversal,2026-08-01T07:47:21.056036+00:00,2026-08-01T07:47:25.433251+00:00,dry_run_id,0.0,DRY_RUN,False,0,
candidate_48e078f96df2a3b04d653ada,"rank(ts_rank(anl14_mean_ndebt_fp3,63))",38f31830aba7922724c93dc8d05040e0fb816bca554efbb9999a661d632a8eec,fundamental,2026-08-01T07:47:35.201243+00:00,2026-08-01T07:47:35.441629+00:00,dry_run_id,0.0,DRY_RUN,False,0,
candidate_94e1563e702808f617898ae7,"rank(ts_decay_linear(ts_delta(anl10_smartest_roe_ff,126),63))",54de2d1f1d3df1c80911e56733a63558ab368d620bca552507ff343ec01183ab,fundamental,2026-08-01T07:47:35.201243+00:00,2026-08-01T07:47:35.441629+00:00,dry_run_id,0.0,DRY_RUN,False,0,
candidate_75afccc393f2b89d1689ceb7,"rank(anl10_smartest_roa_ff/ts_mean(anl10_smartest_roa_ff,63))",37468b64e0ce8fe45a4befa7d45aa1b7ab31e0dfd1e2325a01792c41a42f6f7d,fundamental,2026-08-01T07:47:35.201243+00:00,2026-08-01T07:47:35.441629+00:00,dry_run_id,0.0,DRY_RUN,False,0,
candidate_84b52c0ae80d27a72f1803a0,"-rank(ts_delta(anl14_mean_ndebt_fp3,126))",252e9fc7f2f2b62e5f3beaf44496656de2f3034d2291278c3db51699b15e61e0,fundamental,2026-08-01T07:47:35.201243+00:00,2026-08-01T07:47:37.444003+00:00,dry_run_id,0.0,DRY_RUN,False,0,
candidate_bf826de575b005a2af0131b0,"-rank(ts_std_dev(anl15_gr_fy2_cos_up,63))",0f85417df0f4e704de3f799a43392fc195e46c907bef73a4acd7b4e5b67e6d33,balanced,2026-08-01T07:47:35.201243+00:00,2026-08-01T07:47:37.444003+00:00,dry_run_id,0.0,DRY_RUN,False,0,
candidate_d95ccd456f7bd3ecc65fc40c,"rank(ts_rank(anl15_salgics_gr_cal_fy2_total,21)-ts_rank(anl15_salgics_gr_cal_fy2_total,126))",17d1c867a9907077675258bbe887b4dbdadfd6177ac71694bd65f1f7309c1fcf,balanced,2026-08-01T07:47:35.201243+00:00,2026-08-01T07:47:37.445003+00:00,dry_run_id,0.0,DRY_RUN,False,0,
candidate_bb0346c7a5151bb0c2514929,"rank(ts_zscore(anl15_salgics_gr_cal_fy1_cos,63)-ts_zscore(anl15_salgics_gr_cal_fy2_total,63))",b46fc303ae7ee75fc6f363955e4b20d58e691e3ce6ff5810d24a54c04bb6cac7,balanced,2026-08-01T07:47:35.201243+00:00,2026-08-01T07:47:39.446872+00:00,dry_run_id,0.0,DRY_RUN,False,0,
candidate_2512c0d8de2edb7b1973d3a3,"rank(ts_ir(anl15_salgics_gr_12_m_total,63))",d47f7e202cca9371e546cf428050e11ac835e2797256937f40ff01420977ac61,balanced,2026-08-01T07:47:35.201243+00:00,2026-08-01T07:47:39.446872+00:00,dry_run_id,0.0,DRY_RUN,False,0,
candidate_900836b501fb89130003e4f4,"rank(ts_zscore(anl14_stddev_ebitda_fy1,63))",9cb4771c838b3459241659f529dae6e9f7a957f31f36fb5444f4c2101736c4dc,fundamental,2026-08-01T07:47:35.201243+00:00,2026-08-01T07:47:39.446872+00:00,dry_run_id,0.0,DRY_RUN,False,0,
candidate_8bcce0f44f8087003cb9ec18,"rank(ts_ir(dividend,21))",ea0fc047cac0f49450133dc74f12540c60ffe725df2086ece6c189e6200d9e26,volatility,2026-08-01T07:47:49.299084+00:00,2026-08-01T07:47:49.457536+00:00,dry_run_id,0.0,DRY_RUN,False,0,
candidate_c2c54d234d0018cf6493ac9f,"rank(ts_mean(ts_delta(anl14_stddev_ebitda_fp1,1),63))",26577084a8fb7cb7e259e048688c16e074b9d0aad368187b0b2ca414584e9f41,volatility,2026-08-01T07:47:49.299084+00:00,2026-08-01T07:47:49.457536+00:00,dry_run_id,0.0,DRY_RUN,False,0,
candidate_d9f8ca50ca90463957d8d1d4,"rank(ts_decay_linear(ts_delta(anl10_smartest_roa_ff,63),21))",7f387c9feaeee3c51b92ae4d99786e3de420fb4c5cbd0b316c3a5d6cc52db2b3,volatility,2026-08-01T07:47:49.299084+00:00,2026-08-01T07:47:49.458537+00:00,dry_run_id,0.0,DRY_RUN,False,0,
candidate_564862dfe02dc706c5a8b464,"rank(ts_max(anl10_smartest_roa_ff,63)-ts_min(anl10_smartest_roa_ff,63))",9813806587d44c4c01cd429487047ee309da10707a6a8dea8f1df6bbef55f1e5,volatility,2026-08-01T07:47:49.299084+00:00,2026-08-01T07:47:51.460520+00:00,dry_run_id,0.0,DRY_RUN,False,0,
candidate_fb251250ebec4602e9163aff,"-rank(ts_std_dev(anl10_smartest_roa_ff,21))",6bbf095aa33468e3a31fa0aaad41114c2ffde8237ad9c9204db41c6e28598649,volatility,2026-08-01T07:47:49.299084+00:00,2026-08-01T07:47:51.460520+00:00,dry_run_id,0.0,DRY_RUN,False,0,
candidate_4bd014d2272eb49674341088,"rank(ts_std_dev(anl14_stddev_ebitda_fp1,63)/ts_std_dev(anl14_stddev_ebitda_fp1,126))",4d77d35c41f061f005249ae7b275744debb263fb86b6a26da74221dd13461907,volatility,2026-08-01T07:47:49.299084+00:00,2026-08-01T07:47:51.461520+00:00,dry_run_id,0.0,DRY_RUN,False,0,
candidate_8f9418b62ded2911240e9d95,"rank(ts_rank(dividend,21))",83b230a729319c62aa09d08aaf511b214409ea86ac60bed47c665115b49dd4bf,volatility,2026-08-01T07:47:49.299084+00:00,2026-08-01T07:47:53.462917+00:00,dry_run_id,0.0,DRY_RUN,False,0,
candidate_deba975e571bd88e81816a76,"rank(ts_rank(anl11_1e,63)-ts_rank(anl11_1e,252))",b5241185bcb08cc69c511004893835a2653807232c90ac3a4e309db483c4beac,balanced,2026-08-01T07:47:49.299084+00:00,2026-08-01T07:47:53.462917+00:00,dry_run_id,0.0,DRY_RUN,False,0,
candidate_2a0e039a1333fc4e2c9851f7,"rank(ts_delta(ts_delta(dividend,126),252))",71e5611bc7f8dfffcdfcce4e625117f3f361487f78c5064320f3380e2770d6a2,fundamental,2026-08-01T07:47:49.299084+00:00,2026-08-01T07:47:53.463917+00:00,dry_run_id,0.0,DRY_RUN,False,0,
candidate_16d332665e5bce6fc48c7bcd,"rank(ts_decay_linear(ts_delta(anl10_salfq1_pred_surps_v0_985,5),10))",55891a4783719ec743e336e661db4e3f6bc6ca953796e76aff90f52614f359f1,balanced,2026-08-01T07:48:03.381838+00:00,2026-08-01T07:48:03.473827+00:00,dry_run_id,0.0,DRY_RUN,False,0,
candidate_a405e60d5f8e5c5f4f0c9797,"-rank(ts_std_dev(anl10_netfq1_pred_surps_v2_1053,10))",a052f5039e29523dc82701c1eede0e4d62147b00b09f0fc71e91aa2eb54ab8ea,balanced,2026-08-01T07:48:03.381838+00:00,2026-08-01T07:48:03.474828+00:00,dry_run_id,0.0,DRY_RUN,False,0,
candidate_1be054d1e6df6587a82a5744,"rank(ts_mean(ts_delta(anl10_salfy1_pred_surps_v2_1006,1),5))",766b4ef0c0911880ef3220a653c1f27055599a2305f55b64db45e7935e24cab8,balanced,2026-08-01T07:48:03.381838+00:00,2026-08-01T07:48:03.474828+00:00,dry_run_id,0.0,DRY_RUN,False,0,
candidate_e713c476f29790b6cba5e6d2,"rank(ts_ir(anl10_netfq1_pred_surps_v2_1053,10))",a322bde9625ea3291d752d6bd95c38fa955a90cef504c312ca1207511e5fc7b1,balanced,2026-08-01T07:48:03.381838+00:00,2026-08-01T07:48:05.477167+00:00,dry_run_id,0.0,DRY_RUN,False,0,
candidate_0089f85bf4577421be113d25,"rank(ts_rank(anl10_salfy2_pred_surps_v2_994,10))",a30737a60acd68bff8101952c882484ffa956c2c5d789621a7fa836993e25df7,balanced,2026-08-01T07:48:03.381838+00:00,2026-08-01T07:48:05.478167+00:00,dry_run_id,0.0,DRY_RUN,False,0,
candidate_cc50b9668be8fef7b6129447,"rank(ts_zscore(anl10_salfy1_pred_surps_v2_1006,10)-ts_zscore(anl10_salfq1_pred_surps_v0_985,10))",28c48f6b31cebd1c0773e96d7c08bb28c3307b66df9d4000e627d8cd808270f1,balanced,2026-08-01T07:48:03.381838+00:00,2026-08-01T07:48:05.478167+00:00,dry_run_id,0.0,DRY_RUN,False,0,
candidate_7c296bb23012a6c4b66bfe2a,"-rank(ts_delta(anl10_salfy2_pred_surps_v2_994,5))",bdcfe14a7e6da6deae09af0d9fa6a7abb35cafe89a5918ee2d81ddf33fc489f0,balanced,2026-08-01T07:48:03.381838+00:00,2026-08-01T07:48:07.481204+00:00,dry_run_id,0.0,DRY_RUN,False,0,
candidate_0dcbb5d1f7dfd53d583d73b4,"rank(ts_rank(anl10_salfq1_pred_surps_v0_985,5)-ts_rank(anl10_salfq1_pred_surps_v0_985,20))",555dd2a3741f00692814b755b94b0239dfd14803a63eb941222cee6ac515a6d9,balanced,2026-08-01T07:48:03.381838+00:00,2026-08-01T07:48:07.481204+00:00,dry_run_id,0.0,DRY_RUN,False,0,
candidate_63b4f3731d0b825fe1ea42dd,"rank(ts_mean(ts_delta(anl15_gr_fy2_ests_dn,1),21))",f63927199376fb99be28bd68e7ca114f3cc57012852c3b4b5fe26ab6a87246bc,balanced,2026-08-01T07:48:17.335972+00:00,2026-08-01T07:48:17.503247+00:00,dry_run_id,0.0,DRY_RUN,False,0,
candidate_44c2696fccfa62f285590c86,"-rank(ts_delta(anl15_salgics_gr_18_m_cos_up,21))",33c049b8b80cd644ec8e57456db898218087368da32bf7968caf859069c93cf9,balanced,2026-08-01T07:48:17.335972+00:00,2026-08-01T07:48:17.503247+00:00,dry_run_id,0.0,DRY_RUN,False,0,
candidate_a7580a15477d76e3abc0157c,"rank(ts_decay_linear(ts_delta(anl15_gr_cal_fy1_3m_chg,21),63))",c5689a9906c5f200335f6bec477ed3a25b6caa3ab7ee34e9029e8ee6277b5226,balanced,2026-08-01T07:48:17.335972+00:00,2026-08-01T07:48:17.504247+00:00,dry_run_id,0.0,DRY_RUN,False,0,
candidate_5b9cb52bb6ecc1270de0bb15,"rank(ts_rank(anl15_gr_fy2_cos_up,63))",d2b70d318a4955faf287e00cc98d9740d217e9afba818ff0d5af4027c74e22e4,balanced,2026-08-01T07:48:17.335972+00:00,2026-08-01T07:48:19.506132+00:00,dry_run_id,0.0,DRY_RUN,False,0,
candidate_ff074ba5815409065ff90f67,"rank(ts_ir(close,20))",0968cf7f15607988a6877e70cf165f4f081f1313b6fec55da0720d7f940dba1b,reversal,2026-08-01T07:48:17.335972+00:00,2026-08-01T07:48:19.507135+00:00,dry_run_id,0.0,DRY_RUN,False,0,
candidate_e258b9a3e19e687a4b1e4675,"-rank(ts_std_dev(returns,20))",2d15527498ec903f179f99110543056d7678d8bc1cc97c12a83a77b3d8ff4f83,reversal,2026-08-01T07:48:17.335972+00:00,2026-08-01T07:48:19.507135+00:00,dry_run_id,0.0,DRY_RUN,False,0,
candidate_9d50896d2fa18583dc2309f5,"rank(ts_rank(anl11_1g,21)-ts_rank(anl11_1g,126))",68836d2527d00975f54f135a1cb876016c152e230639c862348265e9757830ab,balanced,2026-08-01T07:48:17.335972+00:00,2026-08-01T07:48:21.509531+00:00,dry_run_id,0.0,DRY_RUN,False,0,
candidate_f78a02ea72f730d9c23db047,"rank(ts_zscore(anl11_1e,63)-ts_zscore(anl11_1g,63))",f3211614164938a8c1fa6d604996a5f0e88ac4f29becd4a8cf246ee9d98434ce,balanced,2026-08-01T07:48:17.335972+00:00,2026-08-01T07:48:21.509531+00:00,dry_run_id,0.0,DRY_RUN,False,0,
candidate_23d2556ed3e8c2927d19cdbc,"rank(ts_decay_linear(ts_delta(anl11_region_industrycount,5),10))",1bd84a3029027ab0b9eb9423ab5eaca2784ea42578ae8b4d1af5990375f3e561,momentum,2026-08-01T07:48:31.449940+00:00,2026-08-01T07:48:31.521228+00:00,dry_run_id,0.0,DRY_RUN,False,0,
candidate_9479fc580f413e2fdc6fae56,"rank(ts_ir(anl15_gr_hist_eps_gro,10))",c867bb14053e568ee55a2041ca5316ce74d36fa1880536a1a97b9f30ed7fbeab,momentum,2026-08-01T07:48:31.449940+00:00,2026-08-01T07:48:31.521228+00:00,dry_run_id,0.0,DRY_RUN,False,0,
candidate_4a358d6cbfbd359f56ab0772,"-rank(ts_delta(close,5))",78f637851cfce1b547cd66ec1628911911bd40b796a34a59673db11834e98276,momentum,2026-08-01T07:48:31.449940+00:00,2026-08-01T07:48:31.522228+00:00,dry_run_id,0.0,DRY_RUN,False,0,
candidate_8a6ad7e74348075699bd58a5,"rank(ts_rank(anl15_gr_hist_eps_gro,10))",91f27a392dad76e51f9ae897048e887ebf687fef7080d31ace96c855587a7b7c,momentum,2026-08-01T07:48:31.449940+00:00,2026-08-01T07:48:33.524388+00:00,dry_run_id,0.0,DRY_RUN,False,0,
candidate_32381be99e9e81e807c1abce,"rank(ts_mean(ts_delta(returns,1),5))",abd870e86eba82a588547d5742fc2b9addccb91e16d3747485948d9a93e564f2,reversal,2026-08-01T07:48:31.449940+00:00,2026-08-01T07:48:33.524388+00:00,dry_run_id,0.0,DRY_RUN,False,0,
candidate_317a1a4cd01ff8e8b0d59989,"rank(ts_rank(volume,5)-ts_rank(volume,10))",739df2890804c59df9fed5c9253f40b5b9483f79d2b6b2968abf4cb36938f16b,reversal,2026-08-01T07:48:31.449940+00:00,2026-08-01T07:48:33.525389+00:00,dry_run_id,0.0,DRY_RUN,False,0,
candidate_16532d694e64e4198bcd073a,"-rank(ts_std_dev(anl11_g,10))",a9ca821c0750f3b62987f951586fee02ebad9dd77297ab894e0feaa64400c8b7,balanced,2026-08-01T07:48:31.449940+00:00,2026-08-01T07:48:35.526625+00:00,dry_run_id,0.0,DRY_RUN,False,0,
candidate_3aabaeec9446d1a296273901,"-rank(ts_delta(anl15_s_hist_eps_gro,21))",c34d78a1bb77c884b866ebdd62da4f20949d2188c22e9435ef0065cbae5942f2,momentum,2026-08-01T07:48:45.420100+00:00,2026-08-01T07:48:45.539158+00:00,dry_run_id,0.0,DRY_RUN,False,0,
candidate_906fdc77e719fefae19aa5b0,"rank(ts_rank(anl15_s_hist_eps_gro,63))",299a1c54b6e91bb1b49449870ffce72ff47f58debe99b8bbda2c379ed151b27a,momentum,2026-08-01T07:48:45.420100+00:00,2026-08-01T07:48:45.539158+00:00,dry_run_id,0.0,DRY_RUN,False,0,
candidate_abbfb5104cb5cc8e28238bf8,"rank(ts_decay_linear(ts_delta(returns,21),63))",17ddc3c91c9649b1aea4767aa30be5cefe4a36500688821957e4e189849fdb09,momentum,2026-08-01T07:48:45.420100+00:00,2026-08-01T07:48:45.539158+00:00,dry_run_id,0.0,DRY_RUN,False,0,
candidate_7fd6d85eb7f8abdc6cdc30bf,"rank(ts_mean(ts_delta(close,1),21))",7287442edee48ba0d15f0dd1184986a3e9c00006bc747952c577d3a7ca19a81b,momentum,2026-08-01T07:48:45.420100+00:00,2026-08-01T07:48:47.558265+00:00,dry_run_id,0.0,DRY_RUN,False,0,
candidate_5bc8864e1f263fb3905e1ee1,"rank(ts_ir(cap,63))",daa525b2dae36c2c6950a90d68c97d409dc4b0a16db077d1dfc8628d2e011f98,momentum,2026-08-01T07:48:45.420100+00:00,2026-08-01T07:48:47.559265+00:00,dry_run_id,0.0,DRY_RUN,False,0,
candidate_6ae9e3de1ef8cba7dc95eb3d,"rank(ts_ir(anl15_ind_fy1_cos_up,63))",cb00fd696d65b2908c81ae0d164b21a35c7dc283d2dc63245ba0405a6a34dc1e,balanced,2026-08-01T07:48:59.368394+00:00,2026-08-01T07:48:59.571565+00:00,dry_run_id,0.0,DRY_RUN,False,0,
candidate_72fe5a36f2fa121985cb2ef1,"-rank(ts_std_dev(anl15_gr_div_cos,63))",73d1ab7650c45a1cfe44050e5fc2a3b922cb0cbc7d13d8e6b5dff5d79a369b4c,balanced,2026-08-01T07:48:59.368394+00:00,2026-08-01T07:48:59.572564+00:00,dry_run_id,0.0,DRY_RUN,False,0,
candidate_ed7f750eb42a979a6b6702be,"-rank(ts_delta(anl15_ind_fy3_ests_dn,21))",e9bbdbf7c9ffb9ba3e65fae35fbedd200ee3961d2ab3895ed5137def805cf745,balanced,2026-08-01T07:48:59.368394+00:00,2026-08-01T07:48:59.572564+00:00,dry_run_id,0.0,DRY_RUN,False,0,
candidate_3b67c73571980db9cc5d3ea5,"rank(ts_decay_linear(ts_delta(anl15_gr_div_cos,21),63))",54c44d91293385a0f3f06cbb39f772a7896bfe3803d83e2d1b3a8ae907eac985,balanced,2026-08-01T07:48:59.368394+00:00,2026-08-01T07:49:01.575546+00:00,dry_run_id,0.0,DRY_RUN,False,0,
candidate_3618cfecea55842e652f41ef,"rank(ts_rank(anl11_1e,63))",26e8455479457931417f5a57682e2f77abba9e4e2625329a6e9cee116687588a,balanced,2026-08-01T07:48:59.368394+00:00,2026-08-01T07:49:01.576055+00:00,dry_run_id,0.0,DRY_RUN,False,0,
candidate_ddfcbf6296590a9e8a1ed027,"rank(ts_mean(ts_delta(anl11_1g,1),21))",2852f2dbeecebc267fc35e4162757e98171620d62743e141d7fbc6946b0f941e,balanced,2026-08-01T07:48:59.368394+00:00,2026-08-01T07:49:01.576055+00:00,dry_run_id,0.0,DRY_RUN,False,0,
candidate_ec7e506aebc6011b16fc93f9,"rank(ts_zscore(anl10_salfq1_pred_surps_v0_985,126)-ts_zscore(anl11_1e,126))",8c2eedb62c122f1ed59ec2f99f616bdbc2461ac73d017d519ee07d3f88404e8a,balanced,2026-08-01T07:48:59.368394+00:00,2026-08-01T07:49:03.578226+00:00,dry_run_id,0.0,DRY_RUN,False,0,
candidate_ac881d0ae7a717f56372e687,"-rank(ts_delta(adv20,5))",89f7b7adff66ff203226f98088ce2d3358a395e755bab994eca5aed9b066f932,momentum,2026-08-01T07:49:13.346945+00:00,2026-08-01T07:49:13.589456+00:00,dry_run_id,0.0,DRY_RUN,False,0,
candidate_11c4d7157b1b518fed541989,"rank(ts_decay_linear(ts_delta(returns,5),10))",990343c77464637c16f5db0d1e793728bacc51d93697696bab8ac5021d77dd6e,momentum,2026-08-01T07:49:13.346945+00:00,2026-08-01T07:49:13.590456+00:00,dry_run_id,0.0,DRY_RUN,False,0,
candidate_68dbfbc39e80237d25325aeb,"rank(ts_mean(ts_delta(vwap,1),5))",dab8758ae647c77446528a5551ae780a00c23adc60f07152cbe6eb2dea5b93dd,momentum,2026-08-01T07:49:13.346945+00:00,2026-08-01T07:49:13.590456+00:00,dry_run_id,0.0,DRY_RUN,False,0,
candidate_644694124ed52fe4e73c213a,"rank(ts_rank(close,10))",d9725d9a675a58d1143aaacbf849ad87965bc0e3087422525c1442bd960a3f7e,momentum,2026-08-01T07:49:13.346945+00:00,2026-08-01T07:49:15.592998+00:00,dry_run_id,0.0,DRY_RUN,False,0,
candidate_d48e1cb17ab2f19387bcb418,"rank(ts_ir(volume,10))",ab85f7441e27403de17413627e4bd58b520dc85a0498bd112a13d09d5a88a26f,momentum,2026-08-01T07:49:13.346945+00:00,2026-08-01T07:49:15.593998+00:00,dry_run_id,0.0,DRY_RUN,False,0,
candidate_3651ed278b4306db3cab4e73,"rank(ts_rank(anl11_pme,5)-ts_rank(anl11_pme,20))",0c3410183317d5c7bf7681b736dd78c799bd26dcec7018ff4aa6f436099db7b2,balanced,2026-08-01T07:49:13.346945+00:00,2026-08-01T07:49:15.593998+00:00,dry_run_id,0.0,DRY_RUN,False,0,
candidate_501c52eb44a3b7e58eed11f2,"rank(ts_decay_linear(ts_delta(anl15_ind_hist_eps_gro,126),63))",463cfc37680e5a108ba4e13349f7a0f45ac47cb0295e172598c2bb49317a2d1c,fundamental,2026-08-01T07:49:27.517225+00:00,2026-08-01T07:49:27.607642+00:00,dry_run_id,0.0,DRY_RUN,False,0,
candidate_c74830512334a13d355dc5a7,"-rank(ts_std_dev(anl11_tic,126))",b7fd6b9e7ac33e6a3462026f69fdd66932d024161d0df75b400d8a18723c66da,balanced,2026-08-01T07:49:27.517225+00:00,2026-08-01T07:49:27.608641+00:00,dry_run_id,0.0,DRY_RUN,False,0,
candidate_120f148b9b348eead7d376f7,"rank(ts_rank(anl10_salfq1_pred_surps_v0_985,126))",33d4eff60f15b0a1c0f37f117b4c6e08a497c3a1dd1740f04850df3185c2eaec,balanced,2026-08-01T07:49:27.517225+00:00,2026-08-01T07:49:27.608641+00:00,dry_run_id,0.0,DRY_RUN,False,0,
candidate_0e8f0d80475f15159e9d2bfd,"-rank(ts_delta(anl15_ind_fy1_cos_up,63))",a4dc8e5d980b0eaf5a5d93d0ae029ba8173d34c1744b18a8afbfd9091b9920b1,balanced,2026-08-01T07:49:27.517225+00:00,2026-08-01T07:49:29.610744+00:00,dry_run_id,0.0,DRY_RUN,False,0,
candidate_0013bbd318893ef6d5427064,"rank(ts_mean(ts_delta(anl11_1e,1),63))",249e0709d2282745fdc46cc863b167abefac2d502930279d71361b5c8c03bcc1,balanced,2026-08-01T07:49:27.517225+00:00,2026-08-01T07:49:29.611745+00:00,dry_run_id,0.0,DRY_RUN,False,0,
candidate_69469cc89e3706de18fd66dc,"rank(ts_decay_linear(ts_delta(anl11_g,5),10))",b6dcaebc6558acceacbb3daba82b3de256c2873d410b2daca20e0a5a25acb0a1,balanced,2026-08-01T07:49:41.507055+00:00,2026-08-01T07:49:41.624221+00:00,dry_run_id,0.0,DRY_RUN,False,0,
candidate_76a00001723c9d4ebd8e718a,"rank(ts_rank(anl11_e,10))",57a1b280c3173bcbb32b9e911ef6da6c97d35cf2591c0ef721929af8552839ee,balanced,2026-08-01T07:49:41.507055+00:00,2026-08-01T07:49:41.625221+00:00,dry_run_id,0.0,DRY_RUN,False,0,
candidate_d43f1a8fcd71463201e72d9c,"rank(ts_mean(ts_delta(anl11_pme,1),5))",16728183e1f0d7121b1ee8ae966b1fe92926ff398c6cfca25f99e91e1564f18c,balanced,2026-08-01T07:49:41.507055+00:00,2026-08-01T07:49:41.625221+00:00,dry_run_id,0.0,DRY_RUN,False,0,
candidate_f1a29b1324464046b0fe327a,"rank(ts_ir(anl11_1e,10))",dab35450c5d66fbe5c9ab973a30cdfc0e4320ec01aff6520a36e493ccf260123,balanced,2026-08-01T07:49:41.507055+00:00,2026-08-01T07:49:43.633568+00:00,dry_run_id,0.0,DRY_RUN,False,0,
candidate_a209e22c1130ef99d7b79b3d,"rank(ts_zscore(anl11_e,10)-ts_zscore(anl11_pme,10))",98365974079125a1708a60c69268909bee204d101d80536b9fdabbe1ecd3168d,balanced,2026-08-01T07:49:41.507055+00:00,2026-08-01T07:49:43.633568+00:00,dry_run_id,0.0,DRY_RUN,False,0,
candidate_009b92763628e373055dc1e2,"-rank(ts_delta(anl11_greg_industryrnk,5))",6bbd01c7650a9128bdfd369cb4761b134e815394bebc98289d9586e8cbff0158,balanced,2026-08-01T07:49:41.507055+00:00,2026-08-01T07:49:43.633568+00:00,dry_run_id,0.0,DRY_RUN,False,0,
candidate_8f9473cf4c2c1a895f124211,"rank(ts_rank(anl10_epsnormal_increase_fy1,21)-ts_rank(anl10_epsnormal_increase_fy1,63))",5826ceb4615e0433146e3e4d455d3501fbbb1beca13d7e9f3530652062e68409,reversal,2026-08-01T07:49:41.507055+00:00,2026-08-01T07:49:45.636658+00:00,dry_run_id,0.0,DRY_RUN,False,0,
candidate_fbe0dce2174f67e267f6f3dd,"-rank(ts_std_dev(anl14_low_ebitda_fy1,126))",a2e1c2811d3fb60bbf513f3fac634565456a3c2985f8af41cb086ad524338589,reversal,2026-08-01T07:49:41.507055+00:00,2026-08-01T07:49:45.637660+00:00,dry_run_id,0.0,DRY_RUN,False,0,
candidate_e40cadb2e8237f70bfe23112,"rank(ts_ir(anl14_median_revenue_fy5,63))",295779f4f21525051db9dc54482a46469887478bee4522ccc06be5290feabce6,momentum,2026-08-01T07:49:55.646464+00:00,2026-08-01T07:49:55.649414+00:00,dry_run_id,0.0,DRY_RUN,False,0,
candidate_4194b89b941e81428f2836d1,"rank(ts_mean(ts_delta(anl14_median_ebitda_fp2,1),21))",ec9a69c963f5aaa51a3e14999876ffb5d2b0b331f48663a4b9087f47fcfc4019,momentum,2026-08-01T07:49:55.646464+00:00,2026-08-01T07:49:55.650415+00:00,dry_run_id,0.0,DRY_RUN,False,0,
candidate_7ffdd76d7d0927b08241a778,"rank(ts_decay_linear(ts_delta(anl14_stddev_ebitda_fp1,21),63))",84be8568c663f4d7d0d49bcd73e34ac8f662a695e0d7f2026778472ad1572dd5,momentum,2026-08-01T07:49:55.646464+00:00,2026-08-01T07:49:55.650415+00:00,dry_run_id,0.0,DRY_RUN,False,0,
candidate_d63781298f8b3bfc2b9f8c35,"-rank(ts_delta(anl14_stddev_revenue_fy5,21))",884a4eff7b74140146b260ce123e1c783663d17e758824bd25f9ede3a1505c0c,momentum,2026-08-01T07:49:55.646464+00:00,2026-08-01T07:49:57.652672+00:00,dry_run_id,0.0,DRY_RUN,False,0,
candidate_b3d4bbfd25952dc51ef38c47,"rank(ts_rank(anl14_median_ebitda_fp1,63))",ace7cbdb7891a09f3a5b8bab63f755625d172da0f419a7234decdff907ba0740,momentum,2026-08-01T07:49:55.646464+00:00,2026-08-01T07:49:57.653672+00:00,dry_run_id,0.0,DRY_RUN,False,0,
candidate_ea3d838dc3c5100b0f6c9400,"-rank(ts_std_dev(anl14_stddev_ebitda_fp1,21))",53a72266c3302f84f7f0935e8118aa8dbcc15de9509f6c09dc86af2061726122,volatility,2026-08-01T07:49:55.646464+00:00,2026-08-01T07:49:57.653672+00:00,dry_run_id,0.0,DRY_RUN,False,0,
candidate_9d154210041652c318e35d58,"-rank(ts_std_dev(open,20))",4bcdf2c7c9e8436950314fc2a618c663114b190a7d3843401806bcee7d385cf2,reversal,2026-08-01T07:50:09.885043+00:00,2026-08-01T07:50:11.672662+00:00,dry_run_id,0.0,DRY_RUN,False,0,
candidate_aa96f7f0ba74f9a5a38a01d8,"rank(ts_ir(low,20))",508b7a3722c1ead0f2e7ed3ad659605b41d9a3c3200338ada6aa1894cb8eaa0b,reversal,2026-08-01T07:50:09.885043+00:00,2026-08-01T07:50:11.672662+00:00,dry_run_id,0.0,DRY_RUN,False,0,
candidate_22770aafba638753533d6df8,"rank(ts_decay_linear(ts_delta(high,5),20))",199d66f7b989db741b8d3c1b8f8d28e9117869614b8b1b6c312259cd0a72a10a,reversal,2026-08-01T07:50:09.885043+00:00,2026-08-01T07:50:11.672662+00:00,dry_run_id,0.0,DRY_RUN,False,0,
candidate_21d75497a572c4cfd2a0354b,"rank(ts_rank(volume,20))",022e3fc6e8c5a790316dd23d7f2e54385b8f37535062ca7710c8792631ff8c3d,reversal,2026-08-01T07:50:09.885043+00:00,2026-08-01T07:50:13.675258+00:00,dry_run_id,0.0,DRY_RUN,False,0,
candidate_9fc1dbc01f469e92788d10bc,"rank(ts_mean(ts_delta(anl14_mean_ndebt_fp3,1),63))",6cf451733f58fc7a5910505ac99dc81faee6a555d2ab5c39b921eeacb516e129,volatility,2026-08-01T07:50:09.885043+00:00,2026-08-01T07:50:13.675258+00:00,dry_run_id,0.0,DRY_RUN,False,0,
candidate_eddcfd9f4ad7f8e082881384,"-rank(ts_delta(sharesout,5))",002bba18138be996db7ecf62ddbf6534d21cd4ef8da07cebc00867c410bbb181,momentum,2026-08-01T07:50:09.885043+00:00,2026-08-01T07:50:13.675258+00:00,dry_run_id,0.0,DRY_RUN,False,0,
candidate_24615200c639b74b73540e1e,"rank(ts_zscore(anl10_epsinnovate_increase_fy1,126)-ts_zscore(anl10_epsnormal_increase_fy1,126))",d96b7965ab3c5384887e04dc960bd565eaf0c4d169e0615efc37e4898d58f7d2,reversal,2026-08-01T07:50:09.885043+00:00,2026-08-01T07:50:15.677290+00:00,dry_run_id,0.0,DRY_RUN,False,0,
candidate_cadefc4484098c47eee75655,"rank(ts_rank(dividend,5))",d35122220e695a76aa6110475ec893df46d9d1380c68a8e852402410a2ad8178,volatility,2026-08-01T07:50:21.902145+00:00,2026-08-01T07:50:23.684087+00:00,dry_run_id,0.0,DRY_RUN,False,0,
candidate_aa6c412246cec4f6a691f64f,"rank(ts_ir(dividend,5))",99bff4647a58a71ff0b533f1fa0cb75ecb5492e3b8da09462893dea808e1b40b,volatility,2026-08-01T07:50:21.902145+00:00,2026-08-01T07:50:23.684087+00:00,dry_run_id,0.0,DRY_RUN,False,0,
candidate_0b6faf89f1117646c8ac072c,"rank(ts_mean(ts_delta(anl10_smartest_roa_ff,1),10))",7c7005cdb8af2fec30dade4215d43653323b7f8c995ff36384eb37da00790019,volatility,2026-08-01T07:50:21.902145+00:00,2026-08-01T07:50:23.684087+00:00,dry_run_id,0.0,DRY_RUN,False,0,
candidate_b905768e120efb9a0945cc1a,"-rank(ts_std_dev(anl14_high_ebitda_fp1,5))",46c38ea74563c033e7577213a6f11e412203e75ec6f2f0a29ff494f6d0ee6cd9,volatility,2026-08-01T07:50:21.902145+00:00,2026-08-01T07:50:25.686125+00:00,dry_run_id,0.0,DRY_RUN,False,0,
candidate_c2770111c25311084b888342,"rank(ts_decay_linear(ts_delta(anl14_high_ebitda_fp1,10),5))",c236f93af2687bc00bf17bf3adbc6677dd8cfb0ff46baa12bd6f6594b3f0c902,volatility,2026-08-01T07:50:21.902145+00:00,2026-08-01T07:50:25.686125+00:00,dry_run_id,0.0,DRY_RUN,False,0,
candidate_7b199e315fe067a13a8893dd,"rank(ts_zscore(returns,20)-ts_zscore(volume,20))",180e80ceef1345c01794a89adb09233ea6e120814e2659a168e1df3e8552f981,reversal,2026-08-01T07:50:21.902145+00:00,2026-08-01T07:50:25.686125+00:00,dry_run_id,0.0,DRY_RUN,False,0,
candidate_6b579c74a0bed74be73733d1,"rank(ts_decay_linear(ts_delta(anl10_salfq1_pred_surps_v0_985,63),21))",c915b1c2b5249083b89e7574469a3926efd698746cd5ad00f7a4c32dffef2f22,volatility,2026-08-01T07:50:33.987113+00:00,2026-08-01T07:50:35.694787+00:00,dry_run_id,0.0,DRY_RUN,False,0,
candidate_1d3a42577643c524bf6bebe9,"rank(ts_mean(ts_delta(anl15_ind_fy1_cos_up,1),63))",89795f9836235efd0b1d3a369da22eb23f9197aadbe22e35aab2a7d7b1b0a8eb,volatility,2026-08-01T07:50:33.987113+00:00,2026-08-01T07:50:35.694787+00:00,dry_run_id,0.0,DRY_RUN,False,0,
candidate_0ac2626be4181e035ecc63fb,"rank(ts_rank(anl15_salgics_ind_18_m_mean,21))",71fbf49d69b40ad714436ef0dd104a399b9f568622edfeb014d53bfb3d22fd50,volatility,2026-08-01T07:50:33.987113+00:00,2026-08-01T07:50:35.696156+00:00,dry_run_id,0.0,DRY_RUN,False,0,
candidate_b22bb12e8c3e925a5eddcb30,"-rank(ts_std_dev(anl10_salfq1_pred_surps_v0_985,21))",683b5db2294aa4b2ee93f7b200e6edf468a9cd3a6b07fcaee4af2c83ff56f0d3,volatility,2026-08-01T07:50:33.987113+00:00,2026-08-01T07:50:37.698357+00:00,dry_run_id,0.0,DRY_RUN,False,0,
candidate_31d0a5217b03ea42179ac1ab,"rank(ts_ir(anl15_salgics_ind_18_m_mean,21))",93b5b3f867c1edb4786bfb6715c03c2e861502ef1cf0b2ca216cc8986dfa150d,volatility,2026-08-01T07:50:33.987113+00:00,2026-08-01T07:50:37.698357+00:00,dry_run_id,0.0,DRY_RUN,False,0,
candidate_a15eec38e0ea4bf53d630332,"-rank(ts_delta(vwap,5))",2f20824b4390d840b85137893907afc25c5634fca48325e2a588e004174913a1,reversal,2026-08-01T07:50:33.987113+00:00,2026-08-01T07:50:37.698357+00:00,dry_run_id,0.0,DRY_RUN,False,0,
candidate_0ee0746e8f1b48bd8c96d18f,"rank(ts_decay_linear(ts_delta(vwap,5),20))",d1f69b18dfe4020a4e3d81377e1e9bffcd0d183419f59e7c247a4e9e0e2bd49b,reversal,2026-08-01T07:50:46.011827+00:00,2026-08-01T07:50:47.706213+00:00,dry_run_id,0.0,DRY_RUN,False,0,
candidate_6b67939da396aa08e3a9712a,"rank(ts_mean(ts_delta(adv20,1),5))",c217d098835e17ce3af09c338e80ebff31bae55f6385f81071ea8aee670cecfc,reversal,2026-08-01T07:50:46.011827+00:00,2026-08-01T07:50:47.706213+00:00,dry_run_id,0.0,DRY_RUN,False,0,
candidate_2934c2793dfb7130d9b8be5c,"rank(ts_rank(close,20))",8f51c0dd32484df30f9cee9d8b5c1b67e658e10f87cd045c78cd9f7d5deb7841,reversal,2026-08-01T07:50:58.077911+00:00,2026-08-01T07:50:59.717019+00:00,dry_run_id,0.0,DRY_RUN,False,0,
candidate_fc9a0b2ef559640000ea2714,"rank(ts_decay_linear(ts_delta(volume,5),20))",d1d2e5c421362c006a3b3fb3abd3b10edcd1cb56dbff3d3ce432ce1c9573cca6,reversal,2026-08-01T07:50:58.077911+00:00,2026-08-01T07:50:59.717019+00:00,dry_run_id,0.0,DRY_RUN,False,0,
candidate_f5019830e6b822a3f9f10dc8,"-rank(ts_delta(anl14_stddev_ebitda_fy1,252))",7b0c711aa63157f9c7712f1172d6e3b052ccbda1c3b6caf43bd34ce7e5dbe266,fundamental,2026-08-01T07:50:58.077911+00:00,2026-08-01T07:50:59.717019+00:00,dry_run_id,0.0,DRY_RUN,False,0,
candidate_fff549cb384d8b58057b9041,"rank(ts_mean(ts_delta(anl14_stddev_ebitda_fy1,1),252))",8d012613004414092e4ab89af6086fcf4d05229e2c7dc08e5bcc84e4234fca78,fundamental,2026-08-01T07:50:58.077911+00:00,2026-08-01T07:51:01.718797+00:00,dry_run_id,0.0,DRY_RUN,False,0,
candidate_887378c67a7035498ec6d148,"rank(ts_ir(anl11_greg_industryrnk,126))",3989ab7a3b222512edf8a65892b9abb9c6ccc7f8a8e59228b3239a1b3e2398c6,balanced,2026-08-01T07:50:58.077911+00:00,2026-08-01T07:51:01.718797+00:00,dry_run_id,0.0,DRY_RUN,False,0,
candidate_3c322c7e2a0fb4374c97ccf6,"rank(ts_ir(anl14_stddev_ndebt_fp3,21))",b4092b1f8d30ab9c4a13eeb0a568c1526186eb1df615b3a6a5f9c3a9675fb683,volatility,2026-08-01T07:51:10.108908+00:00,2026-08-01T07:51:11.726997+00:00,dry_run_id,0.0,DRY_RUN,False,0,
candidate_3bb1c277bf12438d45e95122,"rank(ts_rank(anl14_stddev_ndebt_fp3,21))",eff4e64286f9c123b620b66410c8d5cc440dca1289a525e57ad1b79c52cecb7b,volatility,2026-08-01T07:51:10.108908+00:00,2026-08-01T07:51:11.726997+00:00,dry_run_id,0.0,DRY_RUN,False,0,
candidate_f7f010fede23ba317704d1a9,"rank(ts_mean(ts_delta(anl10_epsinnovation_score_fy1,1),21))",4650eb39c712add14fb093004018d8da311f166bd177b56530062952a705f572,reversal,2026-08-01T07:51:10.108908+00:00,2026-08-01T07:51:11.726997+00:00,dry_run_id,0.0,DRY_RUN,False,0,
candidate_574cfd23586470ef197f7575,"rank(ts_decay_linear(ts_delta(anl14_mean_ebitda_fy1,21),126))",eb2518cb08d57b9ab226e66f5474a7e154f1c2ea15630717b5d4354be9d07a95,reversal,2026-08-01T07:51:10.108908+00:00,2026-08-01T07:51:13.728957+00:00,dry_run_id,0.0,DRY_RUN,False,0,
candidate_0ecfd1021ee2665c3cfb5e68,"rank(ts_decay_linear(ts_delta(anl11_tic,63),126))",57cb2585a07c642b10cb18e2c383d9c0695a8e050a759c63366cbee048b91cbf,balanced,2026-08-01T07:51:22.275157+00:00,2026-08-01T07:51:23.738067+00:00,dry_run_id,0.0,DRY_RUN,False,0,
candidate_55ca6d4bd174f6705dd2e5d9,"-rank(ts_std_dev(anl14_mean_revenue_fy5,21))",90f914928a16e2122c339921994428661bbae20e4de67af523ea61a74186db8c,volatility,2026-08-01T07:51:22.275157+00:00,2026-08-01T07:51:23.738067+00:00,dry_run_id,0.0,DRY_RUN,False,0,
candidate_2eaaf53769533c5d3199c8b6,"rank(ts_rank(anl14_mean_ebitda_fy1,21))",b4b795603c52cc4837ef7c8c26a2dd9db0e6c1b03aa9efb83826d0b508400944,volatility,2026-08-01T07:51:22.275157+00:00,2026-08-01T07:51:23.738067+00:00,dry_run_id,0.0,DRY_RUN,False,0,
candidate_180adb240ebe8b756c8000c3,"rank(ts_mean(ts_delta(anl14_high_ebitda_fy1,1),63))",69100d35802768d8b3d7a7a0102e653308356b1a8a8a7966f6040a0bc0548ea2,volatility,2026-08-01T07:51:22.275157+00:00,2026-08-01T07:51:25.740251+00:00,dry_run_id,0.0,DRY_RUN,False,0,
candidate_0af8b7898faebb2c30367371,"rank(ts_ir(anl14_actvalue_ebitda_fy0,10))",a022693e248f8368badb0cb362f0b3c565efbe5cf777d8f37491b833c7bcb29f,momentum,2026-08-01T07:51:22.275157+00:00,2026-08-01T07:51:25.740251+00:00,dry_run_id,0.0,DRY_RUN,False,0,
candidate_c198dab39955391e3b73f4dd,"-rank(ts_delta(anl14_high_ebitda_fp1,21))",b731cf63e44756fecbfa8a51af2d4e3f425ab01703f25118fc3a81bb755ccfe0,momentum,2026-08-01T07:51:22.275157+00:00,2026-08-01T07:51:25.740251+00:00,dry_run_id,0.0,DRY_RUN,False,0,
candidate_dca434ffa10ce97d223e81e3,"rank(ts_ir(sector_fy2_marketcap_percent,63))",dd375976c5dfe5f99119929bef3691377f172d76ab09dfbc83ca829c1ee439d6,momentum,2026-08-01T08:08:07.148315+00:00,2026-08-01T08:08:09.112485+00:00,dry_run_id,0.0,DRY_RUN,False,0,
candidate_2b5fbd3c027ff387bd183c73,"rank(ts_decay_linear(ts_delta(anl10_netfq1_pred_surps_v2_1053,21),63))",e4f6ccdb6d8f168d5301e9d67e826d2fb809d7d713938133f040f4dfbba1b21e,momentum,2026-08-01T08:08:07.148315+00:00,2026-08-01T08:08:09.112485+00:00,dry_run_id,0.0,DRY_RUN,False,0,
candidate_c4bbf6764af6e2eb8fbf507e,"rank(ts_mean(ts_delta(anl10_salfq1_pred_surps_v0_985,1),21))",52774ced157d24a548105360b536a11afe00c67d3c90499efa1babe56b3ed32d,momentum,2026-08-01T08:08:07.148315+00:00,2026-08-01T08:08:09.113485+00:00,dry_run_id,0.0,DRY_RUN,False,0,
candidate_4313a612c82a8d765204ede6,"rank(ts_rank(anl10_salfy1_pred_surps_v2_1006,63))",3e047f5c0b7a521d43b9aae719a59fe8bb543f95900c4f0e8e3a3665e1d06541,momentum,2026-08-01T08:08:07.148315+00:00,2026-08-01T08:08:11.116513+00:00,dry_run_id,0.0,DRY_RUN,False,0,
candidate_dc6120083fee809356b24e42,"-rank(ts_delta(social_score_industry_percentile,21))",66cac847fd4e35c6823ab0429364b67c7c918fde05667f95bc9c48b97d7fbedb,momentum,2026-08-01T08:08:07.148315+00:00,2026-08-01T08:08:11.116513+00:00,dry_run_id,0.0,DRY_RUN,False,0,
candidate_9f1cf2ab8f8bd088df47f4b7,"rank(ts_decay_linear(ts_delta(anl14_stddev_ebitda_fp1,126),63))",5198867eeb9a3a286769abdcf27d6f50c2e3b88f60c1eb481061b364cc6bccd8,volatility,2026-08-01T08:08:19.795688+00:00,2026-08-01T08:08:21.131935+00:00,dry_run_id,0.0,DRY_RUN,False,0,
candidate_ca5c41a9e499a5a28c01d49e,"rank(ts_ir(anl14_stddev_ebitda_fp2,63))",f0c2de2bd1927d7b15400e89a6fe104e7eb0c2f0c7e83d637380488f52889526,volatility,2026-08-01T08:08:19.795688+00:00,2026-08-01T08:08:21.132441+00:00,dry_run_id,0.0,DRY_RUN,False,0,
candidate_2a6a75a20c3eb003911ae382,"rank(ts_rank(anl14_numofests_ebitda_fp1,63))",5c006cf8ce67cedfa75fa50cb1c581933eddc86a3d697b446eed315dd9ef5d13,volatility,2026-08-01T08:08:19.795688+00:00,2026-08-01T08:08:21.132441+00:00,dry_run_id,0.0,DRY_RUN,False,0,
candidate_d492580a7641bd02fffae0e3,"rank(ts_mean(ts_delta(volume,1),5))",8c6554fb283c07f5354496b1745ce28f3d750feb728f77f05fc607c3f01259e9,momentum,2026-08-01T08:08:19.795688+00:00,2026-08-01T08:08:23.136996+00:00,dry_run_id,0.0,DRY_RUN,False,0,
candidate_bd6af229b1f3bc3577ab89cd,"-rank(ts_std_dev(anl14_stddev_ebitda_fy1,21))",db957b7e1f77026f71c772fb69492d99f792cd9299ded25ff73ae5be2ad1dc69,volatility,2026-08-01T08:08:19.795688+00:00,2026-08-01T08:08:23.137996+00:00,dry_run_id,0.0,DRY_RUN,False,0,
candidate_cdc4671c1c2040624a652b4e,"rank(ts_ir(close,63))",11228d6df2062b8479c97cd489b21dcef4d7d0fdebd5c2e0b2679b9195bfb288,volatility,2026-08-01T08:08:45.214041+00:00,2026-08-01T08:08:47.172458+00:00,dry_run_id,0.0,DRY_RUN,False,0,
candidate_a255b7fdd56b5e1e1edba841,"rank(ts_rank(anl14_high_ebitda_fp1,63))",fa9372996e9de24fd023f215aa9824ef64a239e4bbebec942838cd05b34c1b5b,volatility,2026-08-01T08:08:45.214041+00:00,2026-08-01T08:08:47.172458+00:00,dry_run_id,0.0,DRY_RUN,False,0,
candidate_f3720ab126fd7c666a473809,"-rank(ts_std_dev(anl14_high_ebitda_fp1,63))",529e9e58e3b82ff672575d4ddf3d9f6c86de743beb32fe8900fc3f2b4baa7a84,volatility,2026-08-01T08:08:45.214041+00:00,2026-08-01T08:08:47.173458+00:00,dry_run_id,0.0,DRY_RUN,False,0,
candidate_6e3890753a5773673b909cc2,"rank(ts_decay_linear(ts_delta(anl14_mean_revenue_fy5,63),21))",6b9d46f08f8c6b93d9420a85e509459fa2905926c54ee4b816f26a829e264b52,volatility,2026-08-01T08:08:57.882501+00:00,2026-08-01T08:08:59.192322+00:00,dry_run_id,0.0,DRY_RUN,False,0,
candidate_1ff58026addcd7d68a8b15b2,"rank(ts_ir(cap,10))",0f05fb6918d43de316e6846d05d2a83e5d00304a2d180a296db4bfdcf4ad6858,momentum,2026-08-01T08:08:57.882501+00:00,2026-08-01T08:08:59.192322+00:00,dry_run_id,0.0,DRY_RUN,False,0,
candidate_a34798dd5426f43226f4b644,"rank(ts_decay_linear(ts_delta(anl14_mean_ebitda_fp1,63),21))",07e4bc3198b48359c22b1efd945a64a2b08e9fd623c177ff0ebc1e5923206c05,volatility,2026-08-01T08:11:47.987233+00:00,2026-08-01T08:11:49.437046+00:00,dry_run_id,0.0,DRY_RUN,False,0,
candidate_8fe471ba9238c226edf97cea,"-rank(ts_std_dev(anl14_mean_ebitda_fp1,21))",9400fc7137cfc902501e4870743343b268687bd7fbb0ace688ae98c6a64a7844,volatility,2026-08-01T08:11:47.987233+00:00,2026-08-01T08:11:49.437046+00:00,dry_run_id,0.0,DRY_RUN,False,0,
candidate_a49e45889189962809611b23,"rank(ts_mean(ts_delta(anl14_low_ebitda_fp1,1),63))",f6a5ca4cb0f558a8aa31dbe8175e1c88274a261a3143463cbf0572bc8568aaf2,volatility,2026-08-01T08:11:47.987233+00:00,2026-08-01T08:11:49.437046+00:00,dry_run_id,0.0,DRY_RUN,False,0,
candidate_50a98e290299abcea6c9592e,"rank(ts_rank(anl14_stddev_ebitda_fp1,21))",fc59e24e6ca1fed5064339deeb5e603e8994788167cdff783bb56fe17404f5a1,volatility,2026-08-01T08:11:47.987233+00:00,2026-08-01T08:11:51.439204+00:00,dry_run_id,0.0,DRY_RUN,False,0,
candidate_3b73e6ff81fe44e56f98ca41,"rank(ts_ir(anl14_stddev_ebitda_fp1,21))",c3f8a33aa6f786c488946035d70140ac966d1e42aa5904820627fc9d7546a5e4,volatility,2026-08-01T08:11:47.987233+00:00,2026-08-01T08:11:51.439204+00:00,dry_run_id,0.0,DRY_RUN,False,0,
candidate_88b5a257ededc6184b771359,"-rank(ts_delta(anl15_cpsgics_gr_12_m_ests_up,63))",6a4f2c77d00d8e5e10fe3e4e49b6a59f0d3203fc9a08f944696c21976e84958e,momentum,2026-08-01T08:11:47.987233+00:00,2026-08-01T08:11:51.439815+00:00,dry_run_id,0.0,DRY_RUN,False,0,
candidate_5bda1d34c68803631ff4556a,"rank(ts_decay_linear(ts_delta(anl15_dpsgics_gr_fy1_ests_up,63),126))",99ccfc67c7a915e617e6e6ca9c91556735f19dec1ec6f0e045eac0ade4548c04,momentum,2026-08-01T08:11:59.283921+00:00,2026-08-01T08:11:59.447535+00:00,dry_run_id,0.0,DRY_RUN,False,0,
candidate_4c4654c23ff837a2f006dbea,"rank(ts_mean(ts_delta(anl15_ebtgics_gr_fy1_ests_up,1),63))",332f7a1b1a9b14e03c7f57c22888d46fd8c31ccc2b6a21fcff91d92fc38d0e66,momentum,2026-08-01T08:11:59.283921+00:00,2026-08-01T08:11:59.447535+00:00,dry_run_id,0.0,DRY_RUN,False,0,
candidate_5b43c2ace818dd633c89f81c,"rank(ts_ir(anl15_bpsgics_gr_18_m_total,126))",b212a95ce3d5f4e47be04e26cce17ef896f706c19d97334b3ca762b55b600d83,momentum,2026-08-01T08:11:59.283921+00:00,2026-08-01T08:11:59.447535+00:00,dry_run_id,0.0,DRY_RUN,False,0,
candidate_5fc6420b652ec06033b75dd4,"rank(ts_rank(anl15_cpsgics_gr_12_m_ests_up,126))",1d390e3f199a14e693656940f00fec47d9ff5d9b24f8a0e1e4d8fff1a88c97bd,momentum,2026-08-01T08:11:59.283921+00:00,2026-08-01T08:12:01.450373+00:00,dry_run_id,0.0,DRY_RUN,False,0,
candidate_6e36f068c77f52bc876e4f80,"rank(ts_mean(ts_delta(anl14_median_ndebt_fp3,1),126))",1ccceb7703e7b06a9405e68e01a2526d629733d48d3c421b5c977f049c2e72c8,fundamental,2026-08-01T08:12:21.870450+00:00,2026-08-01T08:12:23.471806+00:00,dry_run_id,0.0,DRY_RUN,False,0,
candidate_838d6f75629b755d6bdcc533,"rank(ts_ir(anl14_stddev_ebitda_fp1,63))",c5dd04fcff4e8838fa1fd9e06fa10c3ac0114bb0938d7f1ef814e4d59e0bf23d,fundamental,2026-08-01T08:12:21.870450+00:00,2026-08-01T08:12:23.471806+00:00,dry_run_id,0.0,DRY_RUN,False,0,
candidate_9443ff70224f92e00808fc84,"rank(ts_rank(open,10))",c9e2c3a1bac1dee36fff5336c6664524604b23aceea2a6f116e5ecce01602045,momentum,2026-08-01T08:12:21.870450+00:00,2026-08-01T08:12:23.471806+00:00,dry_run_id,0.0,DRY_RUN,False,0,
candidate_a9bdcae5eae29cda3e0a1e1b,"rank(ts_decay_linear(ts_delta(returns,126),63))",cb03a2dc81f7bea5ee70dadeead615864cd563b3f7a5deec15a7a04e50fb7c71,volatility,2026-08-01T08:12:21.870450+00:00,2026-08-01T08:12:25.474588+00:00,dry_run_id,0.0,DRY_RUN,False,0,
candidate_c55b3dea0ef138107c6d1bc9,"rank(ts_ir(returns,10))",6997f221bf20e7b5a030990664ce9dfa373110f0f9a0640e9a09d509841e5698,momentum,2026-08-01T08:12:33.127892+00:00,2026-08-01T08:12:33.481941+00:00,dry_run_id,0.0,DRY_RUN,False,0,
candidate_0a432b9611c51cc8d1c7ac07,"rank(ts_decay_linear(ts_delta(close,5),10))",c84c62e4a6deeee31f936df0f3578382c82d0f43be51629ef93375e571242668,momentum,2026-08-01T08:12:33.127892+00:00,2026-08-01T08:12:33.481941+00:00,dry_run_id,0.0,DRY_RUN,False,0,
candidate_286dd17b583ee99dd2f4ff3f,"rank(ts_mean(ts_delta(open,1),5))",8bd562ff6533a05b89d405fdbcf0857ff7205cd7187f911b8444dc96cafd6c49,momentum,2026-08-01T08:12:33.127892+00:00,2026-08-01T08:12:33.481941+00:00,dry_run_id,0.0,DRY_RUN,False,0,
candidate_af8b0ea75083d543f7a27364,"rank(ts_rank(returns,10))",88b7a6be193d6ac9049392bef201b9fbbd50253997d2c17f56b07ad3f98a3097,momentum,2026-08-01T08:12:33.127892+00:00,2026-08-01T08:12:35.483975+00:00,dry_run_id,0.0,DRY_RUN,False,0,
candidate_65877c2d6433924d29fb63ad,"rank(ts_ir(anl14_high_ebitda_fy1,126))",bfe55c532862a75f8f111afdc1b4a59db2980ec935754f1f2ef00124a5d90448,reversal,2026-08-01T08:12:55.764489+00:00,2026-08-01T08:12:57.504549+00:00,dry_run_id,0.0,DRY_RUN,False,0,
candidate_6510114c92495a5ca092eb44,"rank(ts_rank(anl10_epsrevise_value_fy1,126))",8f112b4954c7e41b292794e24ea3c33194c51c7eb925cade08a0f01d83ee6ea2,reversal,2026-08-01T08:12:55.764489+00:00,2026-08-01T08:12:57.504549+00:00,dry_run_id,0.0,DRY_RUN,False,0,
candidate_d544ac146933787a6ef70318,"rank(ts_mean(ts_delta(sharesout,1),5))",2f19bd65b0bf6d33a585a65bdeb710be46f71ad88433103f8ce1a793dd79fab2,momentum,2026-08-01T08:13:07.133838+00:00,2026-08-01T08:13:07.514296+00:00,dry_run_id,0.0,DRY_RUN,False,0,
candidate_6672aa9f77a15d1260d3e1ed,"rank(ts_rank(anl14_actvalue_ebitda_fy0,10))",7046de92d9d5db1b94a659bda74491a389cd58a7a8c5d9d154e2eb3825c4932e,momentum,2026-08-01T08:13:07.133838+00:00,2026-08-01T08:13:07.514817+00:00,dry_run_id,0.0,DRY_RUN,False,0,
candidate_3f8c3e60d216e91d71279323,"rank(ts_ir(open,10))",b3ac44a7b39c9bd14998436242d506622246afc64237f45d3571def9d059a0dd,momentum,2026-08-01T08:13:29.823753+00:00,2026-08-01T08:13:31.541765+00:00,dry_run_id,0.0,DRY_RUN,False,0,
candidate_ddb2bc163d61b11b3ef54269,"rank(ts_decay_linear(ts_delta(anl14_median_ebitda_fp2,21),63))",91d191ce7ecd84f8a8ff7bc3ea6fa9157d010a6037f5decdc9b6201f097659ed,momentum,2026-08-01T08:14:15.126799+00:00,2026-08-01T08:14:15.585755+00:00,dry_run_id,0.0,DRY_RUN,False,0,
candidate_775a877ee29260e6bba0a7d9,"rank(ts_mean(ts_delta(anl14_low_ebitda_fp1,1),21))",44a3e232d56d3ebb22cbb1c967358884fb2517a5a85973e99c56e14d4b0f14bc,momentum,2026-08-01T08:14:15.126799+00:00,2026-08-01T08:14:15.585755+00:00,dry_run_id,0.0,DRY_RUN,False,0,
candidate_8298d5b29d1720b0b1901d52,"rank(ts_mean(ts_delta(returns,1),63))",dd38baec2ed7269cde7a34a658458b95e302dc14380f66a86ddafa9629455d7d,volatility,2026-08-01T08:16:34.662851+00:00,2026-08-01T08:16:35.823969+00:00,dry_run_id,0.0,DRY_RUN,False,0,
candidate_a2cb0b63b1ec9876f3becbce,"rank(ts_ir(anl14_stddev_ebitda_fy2,21))",b9371ed186dd01ad90b814bb21d29a8a92d284c66eaa95d4060edce8e14c72b3,volatility,2026-08-01T08:16:34.662851+00:00,2026-08-01T08:16:35.823969+00:00,dry_run_id,0.0,DRY_RUN,False,0,
candidate_1aa1ea62de2c28182684c870,"rank(ts_decay_linear(ts_delta(anl14_stddev_ebitda_fy1,63),21))",10affd85707aa806cdabec278628c3ed8d9749c7f18a5597a252acf13a7d0d81,volatility,2026-08-01T08:16:34.662851+00:00,2026-08-01T08:16:35.824968+00:00,dry_run_id,0.0,DRY_RUN,False,0,
candidate_088793288956e8a05a09916e,"rank(ts_rank(anl14_stddev_ebitda_fy5,21))",d1548312db452936669fb47334525b63bd555863557b8b6389a7a2b696704fdc,volatility,2026-08-01T08:16:34.662851+00:00,2026-08-01T08:16:37.828788+00:00,dry_run_id,0.0,DRY_RUN,False,0,
