candidate_id,request_hash,created_at,updated_at,expression,alpha_type,region,universe,delay,decay,neutralization,truncation,language,data_fields,datasets,operator_family,exact_hash,normalized_hash,structure_signature,behavior_signature,canonical_signature,generator_source,parent_template,parent_seed,research_direction,economic_hypothesis,economic_rationale,description_draft,knowledge_refs_json,context_refs_json,knowledge_context_hash,feedback_refs_json,anti_corr_design,expected_turnover_behavior,local_quality_score,novelty_score,self_corr_risk_score,quality_evidence_json,llm_model,knowledge_usage_mode,degraded,local_score,priority_score,queue_status,quality_status,quality_reasons_json,metrics_json,checks_json,description_status,submission_status,alpha_id,retry_count,last_error_category,last_error,parameter_skeleton,field_skeleton,parent_candidate_id,repair_action
196d6046d855cecbc7a37e3a9aae09d4676b609aeb7417adb3a4a26876d36fb3,639bd76757a703a0a08b359fe8247c3541cbbc2d04cdb06ef403f4ceca9fa434,2026-08-05T13:37:58.031865Z,2026-08-06T05:05:32.183544Z,"group_neutralize(ts_delta(anl4_fs_guidances_advanced_qf_nd_netprofita_maxguidance, 63), sector)",REGULAR,USA,TOP3000,1,5,MARKET,0.08,FASTEXPR,"[""anl4_fs_guidances_advanced_qf_nd_netprofita_maxguidance""]","[""pv1""]","group_neutralize(ts_delta(field,#),sector)",f443d6d39aff69f263ef78c97a3afc49097df927bce5fa46531ed09f5e27fd51,b435ced0bbffd515bcda99c832a616047b10c80d0ea8258024850c6226038f31,"group_neutralize>ts_delta::anl4_fs_guidances_advanced_qf_nd_netprofita_maxguidance::group_neutralize(ts_delta(field,#),sector)","anl4_fs_guidances_advanced_qf_nd_netprofita_maxguidance::group_neutralize(ts_delta(field,#),sector)","group_neutralize>ts_delta::anl4_fs_guidances_advanced_qf_nd_netprofita_maxguidance::group_neutralize(ts_delta(field,#),sector)",LLM_REFINED_V50,"group_neutralize(ts_zscore(fnd6_cptnewqv1300_epsfxq/cap,126)*rank(ts_mean(volume,63)/adv20),market)","group_neutralize(ts_zscore(fnd6_cptnewqv1300_epsfxq/cap,126)*rank(ts_mean(volume,63)/adv20),market)","Exploit fundamental6 dataset's 'anl4_fs_guidances_advanced_qf_nd_netprofita_maxguidance' field to capture guidance surprises, combined with price volume data for confirmation.","Companies with strong quarterly net profit guidance (anl4_fs_guidances_advanced_qf_nd_netprofita_maxguidance) tend to outperform, especially when confirmed by recent price momentum, as the market underreacts to guidance updates.","Leverages changes in quarterly net profit guidance, which reflect management's revised expectations. Positive (negative) changes signal improving (deteriorating) prospects, and investors are slow to fully update, leading to drift.",,"[""worldquant:优质Alpha挖掘：AI工作流优化方法.md#22"", ""worldquant:完整Agent工作流：5个Skill系统详解.md#25""]",,,[],"Market neutralization is avoided; sector neutralization ensures diversification against market-wide movements. Additionally, the delta of guidance has low correlation with market returns, focusing on firm-specific news.",Moderate turnover: guidance updates are quarterly but price momentum signals may cause more frequent rebalancing. Using ts_mean on returns over 5-10 days and ts_delta on guidance may help smooth.,96.0,1.0,0.0,"{""anti_corr_design_length"": 219, ""catalog_legal"": true, ""economic_mechanism_length"": 230, ""feedback_refs"": [], ""field_count"": 1, ""knowledge_grounded"": true, ""local_quality_score_definition"": ""local candidate ranking only; not platform Sharpe or Fitness"", ""self_corr_risk_score"": 0.0}",deepseek-chat,LIVE_LLM_KNOWLEDGE,False,,,REJECTED_LOCAL_REVALIDATION,REJECTED_LOCAL_REVALIDATION,[],{},[],NOT_PREPARED,NOT_SUBMITTED,,0,LEGACY_CONTRACT_MISSING_EVIDENCE,candidate lacks generation-hq-v2 deterministic quality evidence,,,,
fbc16252cbf390cdeabe91762e5c9c82d1602863a5b04048c39d0b21521728f3,57ed3a4d7763d8b5889350059766cc52170db45aa7251a1256337ce628f31ec1,2026-08-05T13:37:58.034237Z,2026-08-06T05:05:32.185544Z,"group_neutralize(ts_zscore(fnd6_cptnewqv1300_epsfxq / acquired_finite_intangible_assets_total, 126) * rank(ts_std_dev(fn_liab_fair_val_l1_a, 63)), market)",REGULAR,USA,TOP3000,1,12,MARKET,0.08,FASTEXPR,"[""fnd6_cptnewqv1300_epsfxq"", ""acquired_finite_intangible_assets_total"", ""fn_liab_fair_val_l1_a""]","[""fundamental6""]","group_neutralize(ts_zscore(field#field/field,#)*rank(ts_std_dev(field,#)),market)",0e52f67646bab2c89dbc5685535e42f44d6aa58e01e814ca8f3afc41a624e3ec,81faae44bf17868f38d61d56ee318affe1aa1967c8984fc851b292a15c14db97,"group_neutralize>ts_zscore>rank>ts_std_dev::acquired_finite_intangible_assets_total|fn_liab_fair_val_l1_a|fnd6_cptnewqv1300_epsfxq::group_neutralize(ts_zscore(field#field/field,#)*rank(ts_std_dev(field,#)),market)","acquired_finite_intangible_assets_total|fn_liab_fair_val_l1_a|fnd6_cptnewqv1300_epsfxq::group_neutralize(ts_zscore(field#field/field,#)*rank(ts_std_dev(field,#)),market)","group_neutralize>ts_zscore>rank>ts_std_dev::acquired_finite_intangible_assets_total|fn_liab_fair_val_l1_a|fnd6_cptnewqv1300_epsfxq::group_neutralize(ts_zscore(field#field/field,#)*rank(ts_std_dev(field,#)),market)",LLM_REFINED_V50,"group_neutralize(ts_zscore(fnd6_cptnewqv1300_epsfxq/cap,126)*rank(ts_mean(volume,63)/adv20),market)","group_neutralize(ts_zscore(fnd6_cptnewqv1300_epsfxq/cap,126)*rank(ts_mean(volume,63)/adv20),market)","Explore the predictive power of fundamental intangible and liability data scaled by market cap, combined with trading activity and time-series momentum, while neutralizing by market industry.","The ratio of total acquired finite intangible assets to market cap, when normalized over 126 days, captures a firm's investment intensity and potential for future earnings surprises. Combining this with a short-term trading activity measure (volume momentum) may reveal mispricing opportunities that are not captured by simple price momentum alone.",This alpha combines the trend in EPS-to-intangible-assets ratio (innovation efficiency) with the volatility of Level 1 liabilities (financial opacity). Firms with improving earnings relative to intangibles and low liability volatility are undervalued. The group neutralization by market removes broad market effects.,,"[""worldquant:优质Alpha挖掘：AI工作流优化方法.md#22"", ""worldquant:完整Agent工作流：5个Skill系统详解.md#25""]",,,[],Neutralized by market and includes a rank transform and z-score to reduce correlation to standard factors.,"The use of 126-day z-scores and 63-day volume averages suggests a moderate turnover. The volume rank component may increase turnover slightly, but overall, the alpha should exhibit a stable, medium-frequency rebalancing pattern.",100.0,0.9,0.0,"{""anti_corr_design_length"": 106, ""catalog_legal"": true, ""economic_mechanism_length"": 316, ""feedback_refs"": [], ""field_count"": 3, ""knowledge_grounded"": true, ""local_quality_score_definition"": ""local candidate ranking only; not platform Sharpe or Fitness"", ""self_corr_risk_score"": 0.0}",deepseek-chat,LIVE_LLM_KNOWLEDGE,False,,,REJECTED_LOCAL_REVALIDATION,REJECTED_LOCAL_REVALIDATION,[],{},[],NOT_PREPARED,NOT_SUBMITTED,,0,LEGACY_CONTRACT_MISSING_EVIDENCE,candidate lacks generation-hq-v2 deterministic quality evidence,,,,
28e8e608120e0596187927ed9009e63daaa53deb565d5cb7b8a0bab7193a485e,769aff590858be2c2d211c39a8afe277fd77e7190bb63fda352f5e5d09e6e15e,2026-08-05T13:37:58.035254Z,2026-08-06T05:05:32.186544Z,"group_neutralize(ts_zscore(ts_delta(fn_liab_fair_val_l1_a, 126) / fnd6_cptnewqv1300_epsfxq, 126) * rank(ts_std_dev(acquired_finite_intangible_assets_total, 63)), sector)",REGULAR,USA,TOP3000,1,8,MARKET,0.08,FASTEXPR,"[""fn_liab_fair_val_l1_a"", ""fnd6_cptnewqv1300_epsfxq"", ""acquired_finite_intangible_assets_total""]","[""fundamental6""]","group_neutralize(ts_zscore(ts_delta(field,#)/field#field,#)*rank(ts_std_dev(field,#)),sector)",55915f9061957ea7be6998f728cea24b03a1217d16c6efca44d3ce0248baa6fa,6f931611d25aa8c25875ec3c5b4994029202a87d39bb17a36910e8ac1fab2f38,"group_neutralize>ts_zscore>ts_delta>rank>ts_std_dev::acquired_finite_intangible_assets_total|fn_liab_fair_val_l1_a|fnd6_cptnewqv1300_epsfxq::group_neutralize(ts_zscore(ts_delta(field,#)/field#field,#)*rank(ts_std_dev(field,#)),sector)","acquired_finite_intangible_assets_total|fn_liab_fair_val_l1_a|fnd6_cptnewqv1300_epsfxq::group_neutralize(ts_zscore(ts_delta(field,#)/field#field,#)*rank(ts_std_dev(field,#)),sector)","group_neutralize>ts_zscore>ts_delta>rank>ts_std_dev::acquired_finite_intangible_assets_total|fn_liab_fair_val_l1_a|fnd6_cptnewqv1300_epsfxq::group_neutralize(ts_zscore(ts_delta(field,#)/field#field,#)*rank(ts_std_dev(field,#)),sector)",LLM_REFINED_V50,"group_neutralize(ts_zscore(ts_delta(fn_liab_fair_val_l1_a,126)/cap,126)*rank(ts_mean(volume,63)/adv20),sector)","group_neutralize(ts_zscore(ts_delta(fn_liab_fair_val_l1_a,126)/cap,126)*rank(ts_mean(volume,63)/adv20),sector)","Explore the predictive power of fundamental intangible and liability data scaled by market cap, combined with trading activity and time-series momentum, while neutralizing by market industry.","The ratio of total acquired finite intangible assets to market cap, when normalized over 126 days, captures a firm's investment intensity and potential for future earnings surprises. Combining this with a short-term trading activity measure (volume momentum) may reveal mispricing opportunities that are not captured by simple price momentum alone.","Changes in Level 1 liabilities relative to EPS indicate financial risk changes. Combining this with volatility in intangible asset levels captures firms where risk is increasing but intangibles are stable, leading to mispricing. Sector neutralization controls for industry effects.",,"[""worldquant:优质Alpha挖掘：AI工作流优化方法.md#22"", ""worldquant:完整Agent工作流：5个Skill系统详解.md#25""]",,,[],Sector neutralization and the use of z-scores and rank provide decorrelation from market and sector factors.,"The use of 126-day z-scores and 63-day volume averages suggests a moderate turnover. The volume rank component may increase turnover slightly, but overall, the alpha should exhibit a stable, medium-frequency rebalancing pattern.",100.0,0.7894736842105263,0.0,"{""anti_corr_design_length"": 108, ""catalog_legal"": true, ""economic_mechanism_length"": 281, ""feedback_refs"": [], ""field_count"": 3, ""knowledge_grounded"": true, ""local_quality_score_definition"": ""local candidate ranking only; not platform Sharpe or Fitness"", ""self_corr_risk_score"": 0.0}",deepseek-chat,LIVE_LLM_KNOWLEDGE,False,,,REJECTED_LOCAL_REVALIDATION,REJECTED_LOCAL_REVALIDATION,[],{},[],NOT_PREPARED,NOT_SUBMITTED,,0,LEGACY_CONTRACT_MISSING_EVIDENCE,candidate lacks generation-hq-v2 deterministic quality evidence,,,,
c2fa77f5375b035a065121c6ce64260571d38c04ed3c092298214af9a7e81dc6,564d229988d8e63144482f19f1e89c7f68fd916b16f741a3c907427d5822820b,2026-08-05T13:37:58.038259Z,2026-08-06T05:05:32.189545Z,"group_neutralize(ts_zscore(acquired_finite_intangible_assets_total/fn_liab_fair_val_l1_a,126)*-rank(ts_std_dev(ts_delta(fn_liab_fair_val_l1_a,21),63)),sector)",REGULAR,USA,TOP3000,1,4,MARKET,0.08,FASTEXPR,"[""acquired_finite_intangible_assets_total"", ""fn_liab_fair_val_l1_a""]","[""fundamental6""]","group_neutralize(ts_zscore(field/field,#)*-rank(ts_std_dev(ts_delta(field,#),#)),sector)",b6b8498013cd4e2fb199a6b9405670a6c00d57854c53b17897b7452c214ed9af,88f653fd27112004a54b511631671f169080a6478e6d08b8c4ced5dfcd64f420,"group_neutralize>ts_zscore>rank>ts_std_dev>ts_delta::acquired_finite_intangible_assets_total|fn_liab_fair_val_l1_a::group_neutralize(ts_zscore(field/field,#)*-rank(ts_std_dev(ts_delta(field,#),#)),sector)","acquired_finite_intangible_assets_total|fn_liab_fair_val_l1_a::group_neutralize(ts_zscore(field/field,#)*rank(ts_std_dev(ts_delta(field,#),#)),sector)","group_neutralize>ts_zscore>rank>ts_std_dev>ts_delta::acquired_finite_intangible_assets_total|fn_liab_fair_val_l1_a::group_neutralize(ts_zscore(field/field,#)*-rank(ts_std_dev(ts_delta(field,#),#)),sector)",LLM_REFINED_V50,"group_neutralize(ts_zscore(acquired_finite_intangible_assets_total/cap,126)*-rank(ts_std_dev(returns,126)),market)","group_neutralize(ts_zscore(acquired_finite_intangible_assets_total/cap,126)*-rank(ts_std_dev(returns,126)),market)","Explore normalized fundamental ratios (e.g., intangibles to market cap, changes in liability fair value) combined with short-term price/volume trends to capture mean-reversion and financial risk premium.","Stocks with lower intangible asset intensity relative to market cap and decreasing liability fair value changes exhibit subsequent outperformance, especially when combined with high near-term volume volatility, suggesting investor underreaction to balance sheet shifts.","Lower acquired intangibles relative to liabilities suggests conservative investment and stronger collateral; low short-term liability volatility reduces financial uncertainty, leading to subsequent outperformance as risk premium fades.",,"[""worldquant:优质Alpha挖掘：AI工作流优化方法.md#22"", ""worldquant:完整Agent工作流：5个Skill系统详解.md#25""]",,,[],Sector neutralization removes industry effects; focus on fundamental ratios and volatility decouples from price-volume factors.,"Medium turnover: quarterly fundamentals produce stable signals, while price/volume normalization adds some churn; group_neutralize reduces idiosyncratic noise.",100.0,0.3125,0.0,"{""anti_corr_design_length"": 127, ""catalog_legal"": true, ""economic_mechanism_length"": 235, ""feedback_refs"": [], ""field_count"": 2, ""knowledge_grounded"": true, ""local_quality_score_definition"": ""local candidate ranking only; not platform Sharpe or Fitness"", ""self_corr_risk_score"": 0.0}",deepseek-chat,LIVE_LLM_KNOWLEDGE,False,,,REJECTED_LOCAL_REVALIDATION,REJECTED_LOCAL_REVALIDATION,[],{},[],NOT_PREPARED,NOT_SUBMITTED,,0,LEGACY_CONTRACT_MISSING_EVIDENCE,candidate lacks generation-hq-v2 deterministic quality evidence,,,,
b7aae9a25d6fb0668b5b7f2d32d054b3e30e558bfd60d11837dfc62d5d99cb92,2acd40a16d4365d7ed21ed733ac4022f3874ee414606b5d5f387d2d031da4bd3,2026-08-05T13:37:58.039260Z,2026-08-06T05:05:32.191544Z,"group_neutralize(ts_zscore(ts_delta(fnd6_cptnewqv1300_epsfxq,126)/acquired_finite_intangible_assets_total,126),market)",REGULAR,USA,TOP3000,1,4,MARKET,0.08,FASTEXPR,"[""fnd6_cptnewqv1300_epsfxq"", ""acquired_finite_intangible_assets_total""]","[""fundamental6""]","group_neutralize(ts_zscore(ts_delta(field#field,#)/field,#),market)",407d40d40e7bb2f62a18e789b94c081bccddc9771a217e14834f20ad0f09512e,b8dca2320c7a00043f369a8ea7c7452f335645dfc2d7a1a173868eccf3c99538,"group_neutralize>ts_zscore>ts_delta::acquired_finite_intangible_assets_total|fnd6_cptnewqv1300_epsfxq::group_neutralize(ts_zscore(ts_delta(field#field,#)/field,#),market)","acquired_finite_intangible_assets_total|fnd6_cptnewqv1300_epsfxq::group_neutralize(ts_zscore(ts_delta(field#field,#)/field,#),market)","group_neutralize>ts_zscore>ts_delta::acquired_finite_intangible_assets_total|fnd6_cptnewqv1300_epsfxq::group_neutralize(ts_zscore(ts_delta(field#field,#)/field,#),market)",LLM_REFINED_V50,"group_neutralize(ts_zscore(ts_delta(fn_liab_fair_val_l1_a,126)/cap,126)*rank(ts_mean(volume,63)/adv20),sector)","group_neutralize(ts_zscore(ts_delta(fn_liab_fair_val_l1_a,126)/cap,126)*rank(ts_mean(volume,63)/adv20),sector)","Exploit fundamental revisions in intangible assets and liabilities relative to market cap, combined with low volatility and volume trends to capture mispricing.","Firms with increasing acquired finite intangible assets or liability fair values relative to market cap, but with low recent volatility, are undervalued and will outperform.","Exploits the ratio of change in analyst EPS forecasts to acquired intangible assets, capturing revision intensity relative to investment scale.",,"[""worldquant:优质Alpha挖掘：AI工作流优化方法.md#22"", ""worldquant:完整Agent工作流：5个Skill系统详解.md#25""]",,,[],"Uses a dividend of two fundamentals and z-scoring over 126 days, distinct from typical price-based alphas.","Moderate turnover, as fundamental data updates periodically and price-based components (volume, returns) have daily changes. Using long windows (126) for zscores and means will reduce turnover.",100.0,0.375,0.0,"{""anti_corr_design_length"": 106, ""catalog_legal"": true, ""economic_mechanism_length"": 143, ""feedback_refs"": [], ""field_count"": 2, ""knowledge_grounded"": true, ""local_quality_score_definition"": ""local candidate ranking only; not platform Sharpe or Fitness"", ""self_corr_risk_score"": 0.0}",deepseek-chat,LIVE_LLM_KNOWLEDGE,False,,,REJECTED_LOCAL_REVALIDATION,REJECTED_LOCAL_REVALIDATION,[],{},[],NOT_PREPARED,NOT_SUBMITTED,,0,LEGACY_CONTRACT_MISSING_EVIDENCE,candidate lacks generation-hq-v2 deterministic quality evidence,,,,
0f457d307956009391dcf590ca7f271de3128ee758c918024ef8972ab8b05013,20d2b692d3bd48df818f3d12d81dab825c7ce7414175f8fb4a42315f9c616ee2,2026-08-05T13:37:58.041259Z,2026-08-06T05:05:32.193544Z,"group_neutralize(ts_delta(rank(acquired_finite_intangible_assets_total),126) - ts_delta(rank(fn_liab_fair_val_l1_a),126),market)",REGULAR,USA,TOP3000,1,4,MARKET,0.08,FASTEXPR,"[""acquired_finite_intangible_assets_total"", ""fn_liab_fair_val_l1_a""]","[""fundamental6""]","group_neutralize(ts_delta(rank(field),#)-ts_delta(rank(field),#),market)",1bdb191b0c0f02e0b4673edc389725ba2eea5a5c5b8c89395213d33813421e71,73c569e8cf76cdc8bce2cb789566a32eeb39ab7b644586d69e78f959de3441ea,"group_neutralize>ts_delta>rank>ts_delta>rank::acquired_finite_intangible_assets_total|fn_liab_fair_val_l1_a::group_neutralize(ts_delta(rank(field),#)-ts_delta(rank(field),#),market)","acquired_finite_intangible_assets_total|fn_liab_fair_val_l1_a::group_neutralize(ts_delta(rank(field),#)-ts_delta(rank(field),#),market)","group_neutralize>ts_delta>rank>ts_delta>rank::acquired_finite_intangible_assets_total|fn_liab_fair_val_l1_a::group_neutralize(ts_delta(rank(field),#)-ts_delta(rank(field),#),market)",LLM_REFINED_V50,"group_neutralize(ts_zscore(acquired_finite_intangible_assets_total/cap,126)*-rank(ts_std_dev(returns,126)),market)","group_neutralize(ts_zscore(acquired_finite_intangible_assets_total/cap,126)*-rank(ts_std_dev(returns,126)),market)","Exploit fundamental revisions in intangible assets and liabilities relative to market cap, combined with low volatility and volume trends to capture mispricing.","Firms with increasing acquired finite intangible assets or liability fair values relative to market cap, but with low recent volatility, are undervalued and will outperform.","Captures relative changes in rankings of intangible assets and liabilities, reflecting shifts in balance sheet composition that may precede performance.",,"[""worldquant:完整Agent工作流：5个Skill系统详解.md#25""]",,,[],"Focuses on rank changes rather than raw values or ratios, orthogonal to typical value alphas.","Moderate turnover, as fundamental data updates periodically and price-based components (volume, returns) have daily changes. Using long windows (126) for zscores and means will reduce turnover.",100.0,0.3333333333333333,0.0,"{""anti_corr_design_length"": 93, ""catalog_legal"": true, ""economic_mechanism_length"": 152, ""feedback_refs"": [], ""field_count"": 2, ""knowledge_grounded"": true, ""local_quality_score_definition"": ""local candidate ranking only; not platform Sharpe or Fitness"", ""self_corr_risk_score"": 0.0}",deepseek-chat,LIVE_LLM_KNOWLEDGE,False,,,REJECTED_LOCAL_REVALIDATION,REJECTED_LOCAL_REVALIDATION,[],{},[],NOT_PREPARED,NOT_SUBMITTED,,0,LEGACY_CONTRACT_MISSING_EVIDENCE,candidate lacks generation-hq-v2 deterministic quality evidence,,,,
d1e587dc51716fd2e931fa286135cd0a9e77eb858800075c4ac59045792d1a84,6512a89a11b9a77afb909db27bcfced1ce0d5c4ed596fa5660eefd4eac544772,2026-08-05T13:37:58.043260Z,2026-08-06T05:05:32.195544Z,"group_neutralize(ts_zscore(ts_delta(acquired_finite_intangible_assets_total,126),126) / ts_zscore(fnd6_cptnewqv1300_epsfxq,126),market)",REGULAR,USA,TOP3000,1,4,MARKET,0.08,FASTEXPR,"[""acquired_finite_intangible_assets_total"", ""fnd6_cptnewqv1300_epsfxq""]","[""fundamental6""]","group_neutralize(ts_zscore(ts_delta(field,#),#)/ts_zscore(field#field,#),market)",faa9c4415c3c091a214299fd47175b631a6ba65a00279507db4ff2d412e5d029,73f6285877085772d217fd9ae3be9b660dab05b0411103ec5030597420be2d17,"group_neutralize>ts_zscore>ts_delta>ts_zscore::acquired_finite_intangible_assets_total|fnd6_cptnewqv1300_epsfxq::group_neutralize(ts_zscore(ts_delta(field,#),#)/ts_zscore(field#field,#),market)","acquired_finite_intangible_assets_total|fnd6_cptnewqv1300_epsfxq::group_neutralize(ts_zscore(ts_delta(field,#),#)/ts_zscore(field#field,#),market)","group_neutralize>ts_zscore>ts_delta>ts_zscore::acquired_finite_intangible_assets_total|fnd6_cptnewqv1300_epsfxq::group_neutralize(ts_zscore(ts_delta(field,#),#)/ts_zscore(field#field,#),market)",LLM_REFINED_V50,"group_neutralize(ts_zscore(ts_delta(fn_liab_fair_val_l1_a,126)/cap,126)*rank(ts_mean(volume,63)/adv20),sector)","group_neutralize(ts_zscore(ts_delta(fn_liab_fair_val_l1_a,126)/cap,126)*rank(ts_mean(volume,63)/adv20),sector)","Exploit fundamental revisions in intangible assets and liabilities relative to market cap, combined with low volatility and volume trends to capture mispricing.","Firms with increasing acquired finite intangible assets or liability fair values relative to market cap, but with low recent volatility, are undervalued and will outperform.","Ratio of expected EPS acceleration to intangible investment changes, capturing firm-level efficiency in converting investment to earnings revisions.",,"[""worldquant:优质Alpha挖掘：AI工作流优化方法.md#22""]",,,[],"Uses a ratio of two z-scores, providing a different scaling than simple divisions or products.","Moderate turnover, as fundamental data updates periodically and price-based components (volume, returns) have daily changes. Using long windows (126) for zscores and means will reduce turnover.",100.0,0.375,0.0,"{""anti_corr_design_length"": 94, ""catalog_legal"": true, ""economic_mechanism_length"": 148, ""feedback_refs"": [], ""field_count"": 2, ""knowledge_grounded"": true, ""local_quality_score_definition"": ""local candidate ranking only; not platform Sharpe or Fitness"", ""self_corr_risk_score"": 0.0}",deepseek-chat,LIVE_LLM_KNOWLEDGE,False,,,REJECTED_LOCAL_REVALIDATION,REJECTED_LOCAL_REVALIDATION,[],{},[],NOT_PREPARED,NOT_SUBMITTED,,0,LEGACY_CONTRACT_MISSING_EVIDENCE,candidate lacks generation-hq-v2 deterministic quality evidence,,,,
f464ac808f55ca7effca2ae129b5b9d09038acbbb874fd7062751d7356ca7adf,964ecf7e2ebe9a9aceefd343e7c3e9e825fd227c589beae7f1148ba1e4166b8f,2026-08-05T13:37:58.045259Z,2026-08-06T05:05:32.196329Z,"group_neutralize(ts_zscore(ts_delta(acquired_finite_intangible_assets_total,126)/assets_curr,126)*-ts_std_dev(ts_mean(fn_liab_fair_val_l1_a,63),126),market)",REGULAR,USA,TOP3000,1,5,MARKET,0.05,FASTEXPR,"[""acquired_finite_intangible_assets_total"", ""assets_curr"", ""fn_liab_fair_val_l1_a""]","[""fundamental6""]","group_neutralize(ts_zscore(ts_delta(field,#)/field,#)*-ts_std_dev(ts_mean(field,#),#),market)",8fb16abc407e92359e937204d6cdd3f5387042f40607c099f0a7289e32ed1790,4bbf0422d38411c9f80128af2370f2052ee94af99ab6d2ff0e5cb30958321dd9,"group_neutralize>ts_zscore>ts_delta>ts_std_dev>ts_mean::acquired_finite_intangible_assets_total|assets_curr|fn_liab_fair_val_l1_a::group_neutralize(ts_zscore(ts_delta(field,#)/field,#)*-ts_std_dev(ts_mean(field,#),#),market)","acquired_finite_intangible_assets_total|assets_curr|fn_liab_fair_val_l1_a::group_neutralize(ts_zscore(ts_delta(field,#)/field,#)*-ts_std_dev(ts_mean(field,#),#),market)","group_neutralize>ts_zscore>ts_delta>ts_std_dev>ts_mean::acquired_finite_intangible_assets_total|assets_curr|fn_liab_fair_val_l1_a::group_neutralize(ts_zscore(ts_delta(field,#)/field,#)*-ts_std_dev(ts_mean(field,#),#),market)",LLM_REFINED_V50,"group_neutralize(ts_zscore(acquired_finite_intangible_assets_total/cap,126)*-rank(ts_std_dev(returns,126)),market)","group_neutralize(ts_zscore(acquired_finite_intangible_assets_total/cap,126)*-rank(ts_std_dev(returns,126)),market)","Intangible asset growth relative to market cap, combined with volume patterns, as a contrarian signal in the technology sector.","Stocks with a recent increase in intangible assets relative to their market capitalization, especially when accompanied by declining trading volume, tend to underperform the market over a 3-6 month horizon due to overvaluation or inefficient deployment of intangible investments.","Intangible assets are less liquid and their fair value can be volatile. A combination of increasing intangibles and high volatility in liabilities fair value indicates uncertainty in asset valuation, which may lead to mispricing.",,"[""worldquant:优质Alpha挖掘：AI工作流优化方法.md#22"", ""worldquant:完整Agent工作流：5个Skill系统详解.md#25""]",,,[],"Uses ts_std_dev on liabilities fair value instead of returns, reducing correlation with typical price-based alphas.","Moderate turnover. The alpha uses ts_zscore and ts_delta with windows of 126, which creates slow-moving signals. Rank and group_neutralize may induce some rebalancing but overall we expect daily turnover around 10-20%.",100.0,0.3571428571428571,0.0,"{""anti_corr_design_length"": 115, ""catalog_legal"": true, ""economic_mechanism_length"": 229, ""feedback_refs"": [], ""field_count"": 3, ""knowledge_grounded"": true, ""local_quality_score_definition"": ""local candidate ranking only; not platform Sharpe or Fitness"", ""self_corr_risk_score"": 0.0}",deepseek-chat,LIVE_LLM_KNOWLEDGE,False,,,REJECTED_LOCAL_REVALIDATION,REJECTED_LOCAL_REVALIDATION,[],{},[],NOT_PREPARED,NOT_SUBMITTED,,0,LEGACY_CONTRACT_MISSING_EVIDENCE,candidate lacks generation-hq-v2 deterministic quality evidence,,,,
7bfa4b29850020015810b02d983c01d3b2165771605eb40cb5e04de0146b22bd,500c23877f2dad3a374f75a8f99af6c31d51db363f9dfd4f5194c5698aabe4af,2026-08-05T13:37:58.047259Z,2026-08-06T05:05:32.198331Z,"ts_rank(anl10_ebifq1_pred_surps_v2_2230,126)",REGULAR,USA,TOP3000,1,4,MARKET,0.08,FASTEXPR,"[""anl10_ebifq1_pred_surps_v2_2230""]","[""analyst10""]","ts_rank(field#field#,#)",4310b0ef05d3b2bcb53a441ff85e235d881b7af78809fe67e522c2e69682d4fa,cd51f6bbedc5e8e655ac393a987117b133e4761ea0009e5faacab05366a06c3e,"ts_rank::anl10_ebifq1_pred_surps_v2_2230::ts_rank(field#field#,#)","anl10_ebifq1_pred_surps_v2_2230::ts_rank(field#field#,#)","ts_rank::anl10_ebifq1_pred_surps_v2_2230::ts_rank(field#field#,#)",DETERMINISTIC_LOCAL_FALLBACK,"group_neutralize(ts_zscore(ts_delta(anl10_analyst_innovation_eps_revise_ratio_to_close_fq1,126)/cap,126)*rank(ts_mean(volume,63)/adv20),sector)","group_neutralize(ts_zscore(ts_delta(anl10_analyst_innovation_eps_revise_ratio_to_close_fq1,126)/cap,126)*rank(ts_mean(volume,63)/adv20),sector)",Exploit analyst forecast revisions for EPS combined with price-volume data to capture short-term mispricing due to market underreaction.,"Analyst EPS forecast revisions, especially innovative ones, provide new information that the market underreacts to in the short term. Combining this with price-volume indicators and liquidity measures can enhance signal quality.",A slow ts_rank transform of anl10_ebifq1_pred_surps_v2_2230 captures persistent information diffusion.,,"[""worldquant:alpha_inspiration/hub.md#1"", ""worldquant:alpha_inspiration/hub.md#2"", ""worldquant:alpha_inspiration/posts/19137620283415/19137620283415.md#14"", ""worldquant:alpha_inspiration/posts/19347527464343/19347527464343.md#5"", ""worldquant:alpha_inspiration/posts/20399440851223/20399440851223.md#1""]",,,[],The single-field ts_rank signal avoids unsupported cross-dataset and group operators.,"High turnover due to short-term reversal nature and frequent revisions; use shorter lookbacks (e.g., 21 days) to capture recent changes.",76.53,1.0,0.0,"{""catalog_legal"": true, ""evidence_cap"": 85.0, ""feedback_refs"": [], ""field_count"": 1, ""generator_contract_version"": ""generation-hq-v2"", ""grounded_feedback_refs"": [], ""knowledge_grounded"": true, ""local_quality_score_definition"": ""local candidate ranking only; not platform Sharpe or Fitness"", ""max_proxy_similarity"": 0.1333, ""near_pass_support"": 0, ""positive_feedback_support"": 0, ""score_components"": {""field_quality"": 20.0, ""grounded_feedback"": 0.0, ""knowledge_relevance"": 10.0, ""mechanism_expression_consistency"": 20.0, ""novelty_low_similarity"": 17.33, ""turnover_complexity_concentration_risk"": 9.2}}",deepseek-chat,LIVE_LLM_KNOWLEDGE,False,,,PENDING_SIMULATION,PENDING_SIMULATION,[],{},[],NOT_PREPARED,NOT_SUBMITTED,,0,,,,,,
0d504c4a0c5cd32be6092b87322e4a878eb365e081fb77bbf278a8185da1268c,d45245d37e89bc83a39d86822b00c83226448eec5986e774d28fe1a4fef27aea,2026-08-05T13:37:58.049260Z,2026-08-06T05:05:32.200331Z,"ts_zscore(anl10_ebify2_smart_ests_v0_2247,126)",REGULAR,USA,TOP3000,1,4,MARKET,0.08,FASTEXPR,"[""anl10_ebify2_smart_ests_v0_2247""]","[""analyst10""]","ts_zscore(field#field#,#)",d8929043c486fad524e41047b970af8af95587a780fbf1e5eb1de4d3778f2860,b7fbc33e010d01c364aa5e43446a76943f02632f0763238fa56852de072e2184,"ts_zscore::anl10_ebify2_smart_ests_v0_2247::ts_zscore(field#field#,#)","anl10_ebify2_smart_ests_v0_2247::ts_zscore(field#field#,#)","ts_zscore::anl10_ebify2_smart_ests_v0_2247::ts_zscore(field#field#,#)",DETERMINISTIC_LOCAL_FALLBACK,"group_neutralize(ts_zscore(ts_delta(anl10_analyst_innovation_eps_revise_ratio_to_close_fq1,126)/cap,126)*rank(ts_mean(volume,63)/adv20),sector)","group_neutralize(ts_zscore(ts_delta(anl10_analyst_innovation_eps_revise_ratio_to_close_fq1,126)/cap,126)*rank(ts_mean(volume,63)/adv20),sector)","Exploit analyst EPS revision ratio scaled by market cap combined with short-term price momentum to capture underreaction, neutralizing by sector and market.","Analyst EPS revision ratio to close price, when scaled by market cap, contains information about future returns due to market underreaction to analyst revisions. Combining with short-term price momentum and volume can enhance signal.",A slow ts_zscore transform of anl10_ebify2_smart_ests_v0_2247 captures persistent information diffusion.,,"[""worldquant:alpha_inspiration/posts/19137620283415/19137620283415.md#14"", ""worldquant:alpha_inspiration/posts/19347527464343/19347527464343.md#5""]",,,[],The single-field ts_zscore signal avoids unsupported cross-dataset and group operators.,"Moderate turnover: revision ratios change periodically, but ts_delta and ts_zscore may induce higher turnover. Use windows of at least 21 days to smooth.",71.33,1.0,0.0,"{""catalog_age_hours"": 187.674, ""catalog_legal"": true, ""catalog_source"": ""root-dot-cache-partial-offline"", ""evidence_cap"": 85.0, ""feedback_refs"": [], ""field_count"": 1, ""generator_contract_version"": ""generation-hq-v2"", ""grounded_feedback_refs"": [], ""knowledge_grounded"": true, ""local_quality_score_definition"": ""local candidate ranking only; not platform Sharpe or Fitness"", ""max_proxy_similarity"": 0.3333, ""mechanism_evidence_source"": ""llm_declared_roles"", ""near_pass_support"": 0, ""plan_locally_grounded"": true, ""portfolio_selection"": {""decision"": ""ACCEPT"", ""feedback_penalty"": {""failure_counts"": {}, ""refs"": [], ""sample_count"": 0, ""score"": 0.0}, ""inventory_hash"": ""72f33ef517462c58ff4ab201f43d8b3ecb2607cd2a57f282bbb870249104748a"", ""mode"": ""enforce"", ""occupancy"": 3, ""policy_version"": ""portfolio-diversity-v1"", ""reason"": ""SELECTED"", ""vector"": {""dataset"": ""analyst10"", ""field_skeleton"": ""ts_zscore(FIELD,#)"", ""operator_topology"": ""ts_zscore(field#field#,#)"", ""parent_template"": ""group_neutralize(ts_zscore(ts_delta(anl10_analyst_innovation_eps_revise_ratio_to_close_fq1,126)/cap,126)*rank(ts_mean(volume,63)/adv20),sector)"", ""strategy_family"": ""ts_zscore(field#field#,#)""}, ""would_accept"": true}, ""positive_feedback_support"": 0, ""score_components"": {""field_quality"": 20.0, ""grounded_feedback"": 0.0, ""knowledge_relevance"": 10.0, ""mechanism_expression_consistency"": 20.0, ""novelty_low_similarity"": 13.33, ""turnover_complexity_concentration_risk"": 8.0}}",deepseek-chat,LLM_RESEARCHED_LOCAL_FALLBACK,False,,,PENDING_SIMULATION,PENDING_SIMULATION,[],{},[],NOT_PREPARED,NOT_SUBMITTED,,0,,,,,,
b3a86b33f98d255c36ec08ac7de39306aab79c7f518cfb8f179f26750db2aa94,7f96bd8cfe68deb6de69e6ae36ca47f958bcdeda17c9645678d9b45038721983,2026-08-05T13:37:58.051259Z,2026-08-06T05:05:32.202331Z,"ts_zscore(anl10_gpsff_2643,126)",REGULAR,USA,TOP3000,1,4,MARKET,0.08,FASTEXPR,"[""anl10_gpsff_2643""]","[""analyst10""]","ts_zscore(field#field#,#)",e078a6a0a5713c89bc2fac55e3b62185e5b8cabbdaa571f812b7fcbc3cbe5b1a,b7527bbd27efd1e3c3764bf03f6cf1db82514d8e501e524a2f40d0b0bd04a969,"ts_zscore::anl10_gpsff_2643::ts_zscore(field#field#,#)","anl10_gpsff_2643::ts_zscore(field#field#,#)","ts_zscore::anl10_gpsff_2643::ts_zscore(field#field#,#)",DETERMINISTIC_LOCAL_FALLBACK,"group_neutralize(ts_zscore(ts_delta(anl10_analyst_innovation_eps_revise_ratio_to_close_fq1,126)/cap,126)*rank(ts_mean(volume,63)/adv20),sector)","group_neutralize(ts_zscore(ts_delta(anl10_analyst_innovation_eps_revise_ratio_to_close_fq1,126)/cap,126)*rank(ts_mean(volume,63)/adv20),sector)","Investigate the predictive power of analyst innovation EPS forecast revisions (increase/decrease counts) for short-term returns, scaling by market cap, with time-series momentum or mean reversion overlays.","Stocks with innovative analyst EPS upgrades (increase in innovation counts/score) may be undervalued and outperform, while innovative downgrades may be overvalued. Scaling by market cap captures size effects, and combining with short-term price trends or volatility can enhance the signal.",A slow ts_zscore transform of anl10_gpsff_2643 captures persistent information diffusion.,,"[""worldquant:alpha_inspiration/hub.md#1"", ""worldquant:alpha_inspiration/posts/19347527464343/19347527464343.md#5"", ""worldquant:alpha_inspiration/posts/20399440851223/20399440851223.md#1""]",,,[],The single-field ts_zscore signal avoids unsupported cross-dataset and group operators.,"The alpha is expected to have moderate turnover, as analyst revisions are frequent (quarterly) but ts_delta over short windows (5-10 days) will generate signal changes. We can use rank and ts_zscore to stabilize and reduce unnecessary trading.",71.33,1.0,0.0,"{""catalog_age_hours"": 187.772, ""catalog_legal"": true, ""catalog_source"": ""root-dot-cache-partial-offline"", ""evidence_cap"": 85.0, ""feedback_refs"": [], ""field_count"": 1, ""generator_contract_version"": ""generation-hq-v2"", ""grounded_feedback_refs"": [], ""knowledge_grounded"": true, ""local_quality_score_definition"": ""local candidate ranking only; not platform Sharpe or Fitness"", ""max_proxy_similarity"": 0.3333, ""mechanism_evidence_source"": ""llm_declared_roles"", ""near_pass_support"": 0, ""plan_locally_grounded"": true, ""portfolio_selection"": {""decision"": ""ACCEPT"", ""feedback_penalty"": {""failure_counts"": {}, ""refs"": [], ""sample_count"": 0, ""score"": 0.0}, ""inventory_hash"": ""725c1e4750c91a1dc2c765c05e3fc1adf9abb681d5b6af2975b77c4c4049d350"", ""mode"": ""enforce"", ""occupancy"": 6, ""policy_version"": ""portfolio-diversity-v1"", ""reason"": ""SELECTED"", ""vector"": {""dataset"": ""analyst10"", ""field_skeleton"": ""ts_zscore(FIELD,#)"", ""operator_topology"": ""ts_zscore(field#field#,#)"", ""parent_template"": ""group_neutralize(ts_zscore(ts_delta(anl10_analyst_innovation_eps_revise_ratio_to_close_fq1,126)/cap,126)*rank(ts_mean(volume,63)/adv20),sector)"", ""strategy_family"": ""ts_zscore(field#field#,#)""}, ""would_accept"": true}, ""positive_feedback_support"": 0, ""score_components"": {""field_quality"": 20.0, ""grounded_feedback"": 0.0, ""knowledge_relevance"": 10.0, ""mechanism_expression_consistency"": 20.0, ""novelty_low_similarity"": 13.33, ""turnover_complexity_concentration_risk"": 8.0}}",deepseek-chat,LLM_RESEARCHED_LOCAL_FALLBACK,False,,,PENDING_SIMULATION,PENDING_SIMULATION,[],{},[],NOT_PREPARED,NOT_SUBMITTED,,0,,,,,,
8c038497781e26be09b848e61788475f3d431bc1b679f888dcb78fd0a04e3989,ecafa94d922cda2abbc30139acfe56ff808d0f3d31cf49b7381246345bf128c9,2026-08-05T13:37:58.053260Z,2026-08-06T05:05:32.204331Z,rank(dividend),REGULAR,USA,TOP3000,1,4,MARKET,0.08,FASTEXPR,"[""dividend""]","[""pv1""]",rank(field),d59771859875f1e3806fb0a0ddd47c55e6e826e148f23d9c8173cd77c7718af6,d59771859875f1e3806fb0a0ddd47c55e6e826e148f23d9c8173cd77c7718af6,rank::dividend::rank(field),dividend::rank(field),rank::dividend::rank(field),DETERMINISTIC_LOCAL_FALLBACK,"group_neutralize(ts_zscore(ts_delta(anl10_analyst_innovation_eps_revise_ratio_to_close_fq1,126)/cap,126)*rank(ts_mean(volume,63)/adv20),sector)","group_neutralize(ts_zscore(ts_delta(anl10_analyst_innovation_eps_revise_ratio_to_close_fq1,126)/cap,126)*rank(ts_mean(volume,63)/adv20),sector)","Exploit analyst innovation-driven EPS forecast revisions scaled by market cap, combined with volume trends and volatility, to capture short-term price drift.",Innovative analysts' EPS revisions (increase counts) contain valuable private information not fully priced into the market. Scaling these revisions by market cap and combining with volume dynamics and volatility can yield a robust alpha.,A slow rank transform of dividend captures persistent information diffusion.,,"[""worldquant:alpha_inspiration/posts/19137620283415/19137620283415.md#14"", ""worldquant:alpha_inspiration/posts/20399440851223/20399440851223.md#1""]",,,[],The single-field rank signal avoids unsupported cross-dataset and group operators.,Moderate turnover due to monthly analyst revision updates. Use ts_delta with 63-day window to smooth short-term noise.,70.88,1.0,0.0,"{""catalog_age_hours"": 188.949, ""catalog_legal"": true, ""catalog_source"": ""root-dot-cache-partial-offline"", ""evidence_cap"": 85.0, ""feedback_refs"": [], ""field_count"": 1, ""generator_contract_version"": ""generation-hq-v2"", ""grounded_feedback_refs"": [], ""knowledge_grounded"": true, ""local_quality_score_definition"": ""local candidate ranking only; not platform Sharpe or Fitness"", ""max_proxy_similarity"": 0.2, ""mechanism_evidence_source"": ""llm_declared_roles"", ""near_pass_support"": 0, ""plan_locally_grounded"": true, ""portfolio_selection"": {""decision"": ""ACCEPT"", ""feedback_penalty"": {""failure_counts"": {}, ""refs"": [], ""sample_count"": 0, ""score"": 0.0}, ""inventory_hash"": ""0ee3073ca2f0dd021a02cc15fa6ad4bc739a55dd4aa0456ce772d4dde67fccfe"", ""mode"": ""enforce"", ""occupancy"": 3, ""policy_version"": ""portfolio-diversity-v1"", ""reason"": ""SELECTED"", ""vector"": {""dataset"": ""pv1"", ""field_skeleton"": ""FIELD"", ""operator_topology"": ""rank(field)"", ""parent_template"": ""group_neutralize(ts_zscore(ts_delta(anl10_analyst_innovation_eps_revise_ratio_to_close_fq1,126)/cap,126)*rank(ts_mean(volume,63)/adv20),sector)"", ""strategy_family"": ""rank(field)""}, ""would_accept"": true}, ""positive_feedback_support"": 0, ""score_components"": {""field_quality"": 16.08, ""grounded_feedback"": 0.0, ""knowledge_relevance"": 10.0, ""mechanism_expression_consistency"": 20.0, ""novelty_low_similarity"": 16.0, ""turnover_complexity_concentration_risk"": 8.8}}",deepseek-chat,LLM_RESEARCHED_LOCAL_FALLBACK,False,,,PENDING_SIMULATION,PENDING_SIMULATION,[],{},[],NOT_PREPARED,NOT_SUBMITTED,,0,,,,,,
c8e7edcf8cefd24ae6d3f9d963b3e3bd3ec5b6fd238eb90660688ffe65797a81,eff6c2c9ff83b1fb21673960689746c0652c6243dfc2e9d48a6f056621e8dcc6,2026-08-05T13:37:58.055259Z,2026-08-06T05:05:32.205331Z,"ts_mean(split,126)",REGULAR,USA,TOP3000,1,4,MARKET,0.08,FASTEXPR,"[""split""]","[""pv1""]","ts_mean(field,#)",bb62ae14fdeab58a6ae850045fc1c0ef592048b96f7b09373a73c12895be9a66,e680f6198679c03018c73e3a09c156311535a9a861101d8d9c817af925d083b0,"ts_mean::split::ts_mean(field,#)","split::ts_mean(field,#)","ts_mean::split::ts_mean(field,#)",DETERMINISTIC_LOCAL_FALLBACK,"group_neutralize(ts_zscore(ts_delta(anl10_analyst_innovation_eps_revise_ratio_to_close_fq1,126)/cap,126)*rank(ts_mean(volume,63)/adv20),sector)","group_neutralize(ts_zscore(ts_delta(anl10_analyst_innovation_eps_revise_ratio_to_close_fq1,126)/cap,126)*rank(ts_mean(volume,63)/adv20),sector)","Exploit analyst forecast revisions for EPS (innovative increase) to capture short-term price drift, scaled by market cap, with time-series momentum and sector neutralization.","Analyst EPS revision increases, especially innovative ones, signal positive information about future earnings. Scaling by market cap and combining with time-series momentum may amplify the signal. The effect may be more pronounced in the short term due to underreaction.",A slow ts_mean transform of split captures persistent information diffusion.,,"[""worldquant:alpha_inspiration/posts/19137620283415/19137620283415.md#14"", ""worldquant:alpha_inspiration/posts/20399440851223/20399440851223.md#1""]",,,[],The single-field ts_mean signal avoids unsupported cross-dataset and group operators.,"High turnover due to frequent analyst revisions and short-term horizon. We can mitigate with smoothing (e.g., ts_mean) and longer lookbacks to reduce trading frequency.",70.89,1.0,0.0,"{""catalog_age_hours"": 190.827, ""catalog_legal"": true, ""catalog_source"": ""root-dot-cache-partial-offline"", ""evidence_cap"": 85.0, ""feedback_refs"": [], ""field_count"": 1, ""generator_contract_version"": ""generation-hq-v2"", ""grounded_feedback_refs"": [], ""knowledge_grounded"": true, ""local_quality_score_definition"": ""local candidate ranking only; not platform Sharpe or Fitness"", ""max_proxy_similarity"": 0.2, ""mechanism_evidence_source"": ""llm_declared_roles"", ""near_pass_support"": 0, ""plan_locally_grounded"": true, ""portfolio_selection"": {""decision"": ""ACCEPT"", ""feedback_penalty"": {""failure_counts"": {}, ""refs"": [], ""sample_count"": 0, ""score"": 0.0}, ""inventory_hash"": ""1f8cfc7548470be385f0e71851b16ab43f3cb3e94175599e6b5c19b76b014dde"", ""mode"": ""enforce"", ""occupancy"": 3, ""policy_version"": ""portfolio-diversity-v1"", ""reason"": ""SELECTED"", ""vector"": {""dataset"": ""pv1"", ""field_skeleton"": ""ts_mean(FIELD,#)"", ""operator_topology"": ""ts_mean(field,#)"", ""parent_template"": ""group_neutralize(ts_zscore(ts_delta(anl10_analyst_innovation_eps_revise_ratio_to_close_fq1,126)/cap,126)*rank(ts_mean(volume,63)/adv20),sector)"", ""strategy_family"": ""ts_mean(field,#)""}, ""would_accept"": true}, ""positive_feedback_support"": 0, ""score_components"": {""field_quality"": 16.09, ""grounded_feedback"": 0.0, ""knowledge_relevance"": 10.0, ""mechanism_expression_consistency"": 20.0, ""novelty_low_similarity"": 16.0, ""turnover_complexity_concentration_risk"": 8.8}}",deepseek-chat,LLM_RESEARCHED_LOCAL_FALLBACK,False,,,PENDING_SIMULATION,PENDING_SIMULATION,[],{},[],NOT_PREPARED,NOT_SUBMITTED,,0,,,,,,
